rank,name,location,num_FTE_students,num_students_per_staff,international_students,female_male_ratio
1,University of Oxford,United Kingdom,"20,298",11.0,40%,46 : 54
2,University of Cambridge,United Kingdom,"18,749",10.9,37%,46 : 54
3,Stanford University,United States,"15,878",7.4,23%,43 : 57
4,Massachusetts Institute of Technology,United States,"11,231",8.7,34%,38 : 62
5,California Institute of Technology,United States,"2,255",6.5,29%,33 : 67
6,Harvard University,United States,"20,595",9.1,26%,48 : 52
7,Princeton University,United States,"7,996",8.2,24%,45 : 55
8,Yale University,United States,"12,318",5.2,20%,50 : 50
9,Imperial College London,United Kingdom,"16,425",11.7,56%,38 : 62
10,University of Chicago,United States,"13,562",6.1,25%,44 : 56
11,ETH Zurich,Switzerland,"18,171",12.3,39%,31 : 69
=12,Johns Hopkins University,United States,"16,146",4.6,25%,52 : 48
=12,University of Pennsylvania,United States,"20,443",6.4,20%,52 : 48
14,UCL,United Kingdom,"31,696",10.6,51%,57 : 43
15,"University of California, Berkeley",United States,"36,468",13.2,17%,51 : 49
16,Columbia University,United States,"26,586",6.0,37%,
17,"University of California, Los Angeles",United States,"39,464",9.2,17%,53 : 47
18,Duke University,United States,"15,037",4.4,18%,48 : 52
19,Cornell University,United States,"21,904",9.8,25%,49 : 51
20,University of Michigan-Ann Arbor,United States,"41,831",8.3,17%,48 : 52
21,University of Toronto,Canada,"72,202",19.0,19%,
22,Tsinghua University,China,"36,912",11.9,11%,34 : 66
23,National University of Singapore,Singapore,"30,727",17.4,28%,50 : 50
24,Carnegie Mellon University,United States,"13,033",13.3,47%,40 : 60
25,Northwestern University,United States,"17,600",13.0,19%,48 : 52
26,London School of Economics and Political Science,United Kingdom,"10,028",11.8,70%,52 : 48
27,New York University,United States,"44,433",8.9,32%,56 : 44
28,University of Washington,United States,"45,476",11.3,16%,53 : 47
29,University of Edinburgh,United Kingdom,"28,153",12.7,41%,60 : 40
30,"University of California, San Diego",United States,"31,687",12.9,20%,46 : 54
31,Peking University,China,"42,547",8.9,17%,48 : 52
=32,LMU Munich,Germany,"35,389",36.0,16%,61 : 39
=32,University of Melbourne,Australia,"45,030",26.6,42%,56 : 44
34,Georgia Institute of Technology,United States,"21,903",21.5,27%,32 : 68
35,École Polytechnique Fédérale de Lausanne,Switzerland,"10,343",11.4,57%,28 : 72
36,University of Hong Kong,Hong Kong,"18,122",18.1,43%,54 : 46
37,University of British Columbia,Canada,"53,566",18.6,30%,54 : 46
38,King’s College London,United Kingdom,"24,293",12.1,42%,62 : 38
39,University of Texas at Austin,United States,"48,561",17.1,10%,51 : 49
40,Karolinska Institute,Sweden,"7,898",9.2,19%,68 : 32
41,The Hong Kong University of Science and Technology,Hong Kong,"10,394",23.6,31%,
41,Paris Sciences et Lettres – PSL Research University Paris,France,"20,722",11.3,26%,44 : 56
42,The University of Tokyo,Japan,"25,828",7.6,11%,
43,University of Wisconsin-Madison,United States,"39,193",10.5,12%,
=44,McGill University,Canada,"31,060",13.0,28%,58 : 42
=44,Technical University of Munich,Germany,"39,726",50.6,24%,34 : 66
47,Heidelberg University,Germany,"20,953",16.6,17%,54 : 46
48,KU Leuven,Belgium,"44,719",36.5,15%,49 : 51
49,Australian National University,Australia,"16,840",18.5,39%,52 : 48
50,University of Illinois at Urbana-Champaign,United States,"43,908",17.9,24%,47 : 53
51,"Nanyang Technological University, Singapore",Singapore,"25,738",16.7,28%,48 : 52
52,"University of California, Santa Barbara",United States,"23,457",27.9,16%,52 : 48
53,Brown University,United States,"9,082",10.7,21%,
53,Chinese University of Hong Kong,Hong Kong,"17,883",18.4,33%,
54,Washington University in St Louis,United States,"13,074",7.3,20%,
56,University of North Carolina at Chapel Hill,United States,"34,226",9.4,8%,57 : 43
57,University of Manchester,United Kingdom,"36,530",14.5,39%,53 : 47
58,Delft University of Technology,Netherlands,"17,880",20.0,29%,28 : 72
=59,"University of California, Davis",United States,"37,847",13.5,13%,57 : 43
=59,University of Sydney,Australia,"43,333",20.5,35%,58 : 42
=59,Wageningen University & Research,Netherlands,"13,214",20.9,29%,55 : 45
62,University of Amsterdam,Netherlands,"23,778",12.3,12%,56 : 44
63,Seoul National University,South Korea,"26,066",12.3,12%,
64,Purdue University West Lafayette,United States,"39,409",17.0,23%,42 : 58
65,Kyoto University,Japan,"22,420",8.8,8%,24 : 76
66,University of Southern California,United States,"35,510",11.6,25%,53 : 47
67,Humboldt University of Berlin,Germany,"33,000",59.0,17%,
68,Leiden University,Netherlands,"26,321",18.0,13%,57 : 43
69,University of Queensland,Australia,"38,187",34.4,31%,55 : 45
70,Erasmus University Rotterdam,Netherlands,"22,019",19.6,22%,50 : 50
=71,University of Minnesota,United States,"60,620",12.3,11%,52 : 48
=71,Ohio State University (Main campus)  ,United States,"53,540",12.8,12%,49 : 51
73,Sorbonne University,France,"42,681",14.3,19%,59 : 41
=74,Boston University,United States,"25,095",8.4,27%,60 : 40
=74,Utrecht University,Netherlands,"31,551",14.3,7%,59 : 41
76,University of Freiburg,Germany,"22,005",44.5,22%,55 : 45
77,McMaster University,Canada,"24,602",27.3,16%,53 : 47
78,University of Bristol,United Kingdom,"20,570",13.2,27%,53 : 47
=79,University of Groningen,Netherlands,"26,183",23.8,18%,52 : 48
=79,University of Warwick,United Kingdom,"19,649",13.3,41%,50 : 50
81,Penn State (Main campus)  ,United States,"45,704",15.0,15%,46 : 54
=82,"University of Maryland, College Park",United States,"32,099",16.2,10%,47 : 53
=82,Sungkyunkwan University (SKKU),South Korea,"23,359",19.5,14%,42 : 58
=84,Emory University,United States,"12,647",4.2,20%,58 : 42
=84,Monash University,Australia,"49,728",34.6,35%,57 : 43
86,Rice University,United States,"6,554",8.9,28%,42 : 58
=87,RWTH Aachen University,Germany,"44,517",61.8,19%,32 : 68
=87,Uppsala University,Sweden,"25,061",16.9,14%,56 : 44
89,University of Tübingen,Germany,"28,743",39.2,14%,58 : 42
=90,Charité - Universitätsmedizin Berlin,Germany,"6,943",17.5,19%,64 : 36
=90,University of Montreal,Canada,"37,311",20.3,23%,59 : 41
=90,University of Zurich,Switzerland,"26,340",14.7,20%,57 : 43
=93,University of Science and Technology of China,China,"16,152",8.4,4%,
=93,University of Glasgow,United Kingdom,"24,235",15.3,36%,58 : 42
=93,Michigan State University,United States,"44,951",17.0,17%,51 : 49
=96,"University of California, Irvine",United States,"31,089",16.7,24%,53 : 47
=96,UNSW Sydney,Australia,"41,358",30.5,36%,47 : 53
98,Lund University,Sweden,"28,454",11.8,17%,54 : 46
=99,Dartmouth College,United States,"6,172",6.7,15%,48 : 52
=99,University of Helsinki,Finland,"22,418",16.6,6%,65 : 35
101,Zhejiang University,China,"36,031",10.9,18%,21 : 79
102,Korea Advanced Institute of Science and Technology (KAIST),South Korea,"9,587",10.4,9%,20 : 80
103,University of Basel,Switzerland,"12,852",18.0,27%,55 : 45
104,Free University of Berlin,Germany,"35,032",56.4,21%,59 : 41
104,Fudan University,China,"34,393",12.2,11%,51 : 49
106,University of Sheffield,United Kingdom,"25,577",14.9,35%,50 : 50
107,University of Virginia (Main campus)  ,United States,"24,295",9.4,12%,53 : 47
108,École Polytechnique,France,"2,908",5.6,36%,21 : 79
109,Georgetown University,United States,"15,801",8.5,17%,54 : 46
=110,University of Bern,Switzerland,"10,967",16.7,15%,56 : 44
=110,University of Bonn,Germany,"37,708",70.2,13%,55 : 45
=110,City University of Hong Kong,Hong Kong,"9,928",11.2,41%,57 : 43
=110,University of Pittsburgh-Pittsburgh campus,United States,"26,517",5.9,11%,52 : 48
=114,University of Colorado Boulder,United States,"31,625",15.5,12%,44 : 56
=114,Durham University,United Kingdom,"16,565",14.8,30%,54 : 46
=116,University of Birmingham,United Kingdom,"28,354",15.1,28%,56 : 44
=116,University of Copenhagen,Denmark,"32,157",4.4,16%,55 : 45
118,University of Southampton,United Kingdom,"24,078",13.9,36%,52 : 48
119,University of York,United Kingdom,"15,194",14.9,25%,56 : 44
120,Trinity College Dublin,Ireland,"16,293",21.6,28%,59 : 41
=121,University of Oslo,Norway,"20,552",13.3,17%,62 : 38
=121,Vanderbilt University,United States,"12,038",3.1,14%,54 : 46
=123,Aarhus University,Denmark,"26,867",14.8,11%,54 : 46
=123,Arizona State University (Tempe)  ,United States,"46,362",20.8,20%,43 : 57
=123,University of Göttingen,Germany,"30,399",29.6,12%,50 : 50
=123,University of Mannheim,Germany,"10,882",74.8,17%,56 : 44
=123,Radboud University Nijmegen,Netherlands,"19,954",17.5,15%,55 : 45
=128,Université Catholique de Louvain,Belgium,"25,952",39.6,21%,54 : 46
=128,Maastricht University,Netherlands,"16,250",15.8,52%,59 : 41
130,Queen Mary University of London,United Kingdom,"16,434",14.0,44%,54 : 46
131,Technical University of Berlin,Germany,"22,472",64.4,22%,34 : 66
=132,University of Alberta,Canada,"31,844",21.0,26%,55 : 45
=132,Case Western Reserve University,United States,"10,412",7.8,23%,49 : 51
134,Nanjing University,China,"34,580",15.6,9%,48 : 52
134,University of Western Australia,Australia,"18,510",21.9,26%,49 : 51
=135,University of Adelaide,Australia,"21,339",30.4,27%,49 : 51
=135,University of Geneva,Switzerland,"16,530",15.2,39%,61 : 39
=135,University of Hamburg,Germany,"29,584",58.2,12%,56 : 44
=135,Karlsruhe Institute of Technology,Germany,"26,593",25.8,20%,28 : 72
=135,Pompeu Fabra University,Spain,"11,523",21.3,13%,60 : 40
141,University of Exeter,United Kingdom,"20,286",18.0,28%,54 : 46
142,Pohang University of Science and Technology (POSTECH),South Korea,"3,238",10.7,4%,24 : 76
=143,Ghent University,Belgium,"35,835",35.2,10%,54 : 46
=143,University of Vienna,Austria,"33,185",19.3,27%,66 : 34
145,Autonomous University of Barcelona,Spain,"32,223",12.8,16%,59 : 41
=146,University of Cologne,Germany,"37,483",37.9,15%,
=146,Indiana University,United States,"65,707",13.8,16%,52 : 48
=146,Lancaster University,United Kingdom,"12,202",12.8,39%,51 : 49
=149,University of Nottingham,United Kingdom,"29,431",14.6,30%,54 : 46
=149,Ulm University,Germany,"10,719",28.0,13%,48 : 52
151,TU Dresden,Germany,"33,560",35.1,14%,42 : 58
152,Tufts University,United States,"10,659",10.1,19%,55 : 45
=153,University of Leeds,United Kingdom,"28,677",14.1,28%,60 : 40
=153,Sant’Anna School of Advanced Studies – Pisa,Italy,737,11.9,17%,38 : 62
=153,Stockholm University,Sweden,"31,500",23.0,8%,
=156,University of Cape Town,South Africa,"22,137",12.1,18%,53 : 47
=156,University of Florida,United States,"46,555",17.5,10%,54 : 46
158,University of Aberdeen,United Kingdom,"12,211",15.1,38%,55 : 45
=159,University of Arizona,United States,"39,264",13.3,9%,52 : 48
159,Hong Kong Polytechnic University,Hong Kong,"21,977",27.8,25%,52 : 48
=159,University of Würzburg,Germany,"22,264",30.3,10%,57 : 43
=161,Scuola Normale Superiore di Pisa,Italy,539,6.7,9%,29 : 71
=161,University of Sussex,United Kingdom,"13,891",16.5,39%,55 : 45
=163,University of Rochester,United States,"9,681",4.2,29%,49 : 51
=163,Technical University of Denmark,Denmark,"9,116",6.5,25%,30 : 70
165,University of St Andrews,United Kingdom,"8,965",12.7,47%,58 : 42
166,Vrije Universiteit Amsterdam,Netherlands,"23,919",17.8,8%,57 : 43
=167,"University of California, Santa Cruz",United States,"17,868",23.1,5%,52 : 48
=167,Eindhoven University of Technology,Netherlands,"8,443",19.7,19%,25 : 75
=167,University of Leicester,United Kingdom,"14,712",14.0,36%,53 : 47
170,National Taiwan University,Taiwan,"31,783",11.5,8%,40 : 60
=171,Newcastle University,United Kingdom,"21,500",14.5,29%,50 : 50
=171,Texas A&M University,United States,"58,567",25.8,9%,48 : 52
173,University of Notre Dame,United States,"12,035",13.7,12%,45 : 55
175,University of Erlangen-Nuremberg,Germany,"38,368",54.9,11%,49 : 51
=176,University of Lausanne,Switzerland,"11,957",9.6,23%,
=176,University of Ottawa,Canada,"35,002",25.6,18%,59 : 41
=176,"Rutgers, the State University of New Jersey",United States,"44,127",11.2,16%,52 : 48
179,University of Alabama at Birmingham,United States,"15,744",15.3,6%,62 : 38
180,University of Bologna,Italy,"66,998",23.9,11%,57 : 43
=181,Aalto University,Finland,"12,421",19.0,23%,35 : 65
=181,George Washington University,United States,"22,844",13.2,17%,58 : 42
=181,University of Liverpool,United Kingdom,"21,591",13.8,35%,55 : 45
=184,University of Münster,Germany,"42,974",43.9,8%,54 : 46
=184,Northeastern University,United States,"19,191",13.8,33%,49 : 51
=184,University of Twente,Netherlands,"7,149",13.5,30%,37 : 63
=187,Cardiff University,United Kingdom,"24,245",12.8,26%,58 : 42
=187,KTH Royal Institute of Technology,Sweden,"12,486",15.4,18%,33 : 67
189,University of Konstanz,Germany,"11,288",52.3,12%,55 : 45
189,Shanghai Jiao Tong University,China,"40,711",11.0,9%,41 : 59
=190,University of Duisburg-Essen,Germany,"42,931",54.7,18%,48 : 52
=190,University of East Anglia,United Kingdom,"13,984",13.6,29%,61 : 39
=190,Western University,Canada,"29,732",22.9,17%,56 : 44
=194,Aalborg University,Denmark,"16,021",13.7,14%,
=194,Paris Diderot University – Paris 7,France,"28,918",15.0,20%,63 : 37
196,University of Technology Sydney,Australia,"25,637",43.4,36%,51 : 49
197,University of Bergen,Norway,"13,116",12.3,14%,59 : 41
198,Korea University,South Korea,"22,705",15.6,21%,
=199,University of Calgary,Canada,"27,489",15.7,19%,
=199,Lomonosov Moscow State University,Russian Federation,"29,063",7.2,25%,50 : 50
201–250,University of Antwerp,Belgium,"15,096",29.6,16%,54 : 46
201–250,University of Auckland,New Zealand,"30,041",18.4,30%,54 : 46
201–250,University of Barcelona,Spain,"46,002",11.9,10%,62 : 38
201–250,University of Bath,United Kingdom,"13,199",16.6,33%,46 : 54
201–250,Bielefeld University,Germany,"24,255",64.3,8%,57 : 43
201–250,Brandeis University,United States,"5,385",12.5,26%,55 : 45
201–250,University at Buffalo,United States,"25,419",17.1,17%,45 : 55
201–250,"University of California, Riverside",United States,"20,864",19.6,14%,52 : 48
201–250,Chalmers University of Technology,Sweden,"9,257",12.4,17%,32 : 68
201–250,Copenhagen Business School,Denmark,"17,003",30.6,25%,48 : 52
201–250,University of Dundee,United Kingdom,"10,960",15.5,23%,62 : 38
201–250,École des Ponts ParisTech,France,"1,943",13.4,47%,31 : 69
201–250,École Normale Supérieure de Lyon,France,"2,207",8.2,13%,46 : 54
201–250,University of Fribourg,Switzerland,"10,850",45.6,18%,59 : 41
201–250,University of Gothenburg,Sweden,"18,873",9.9,12%,
201–250,University of Hawai’i at Mānoa,United States,"15,750",11.0,11%,56 : 44
201–250,Hebrew University of Jerusalem,Israel,"16,492",11.5,5%,56 : 44
201–250,University of Hohenheim,Germany,"9,373",41.8,15%,57 : 43
201–250,University of Iowa,United States,"27,897",12.3,13%,52 : 48
201–250,James Cook University,Australia,"11,882",22.3,12%,63 : 37
201–250,University of Kiel,Germany,"25,957",22.2,8%,53 : 47
201–250,King Abdulaziz University,Saudi Arabia,"33,111",8.0,21%,55 : 45
201–250,Université Libre de Bruxelles,Belgium,"26,936",35.9,35%,55 : 45
201–250,University of Luxembourg,Luxembourg,"4,969",16.5,57%,50 : 50
201–250,Macquarie University,Australia,"28,729",43.8,26%,53 : 47
201–250,University of Massachusetts,United States,"59,906",12.8,14%,48 : 52
201–250,Medical University of Graz,Austria,"3,368",10.7,23%,53 : 47
201–250,Medical University of Vienna,Austria,"7,086",7.9,29%,51 : 49
201–250,University of Miami,United States,"15,923",5.9,16%,51 : 49
201–250,University of Otago,New Zealand,"18,283",20.1,20%,58 : 42
201–250,University of Padua,Italy,"43,289",20.9,4%,55 : 45
201–250,Paris-Sud University,France,"29,509",16.3,17%,56 : 44
201–250,University of Passau,Germany,"10,465",72.2,11%,60 : 40
201–250,University of Potsdam,Germany,"19,294",56.8,10%,59 : 41
201–250,Queen’s University Belfast,United Kingdom,"17,657",16.9,35%,55 : 45
201–250,Queensland University of Technology,Australia,"33,931",35.3,16%,54 : 46
201–250,University of Reading,United Kingdom,"13,394",14.3,33%,57 : 43
201–250,Royal College of Surgeons in Ireland (RCSI),Ireland,"2,202",19.1,68%,
201–250,University of South Australia,Australia,"17,465",26.1,44%,64 : 36
201–250,University of Tampere,Finland,"9,484",21.8,5%,66 : 34
201–250,Tel Aviv University,Israel,"22,878",22.9,5%,54 : 46
201–250,Tilburg University,Netherlands,"7,666",21.2,14%,48 : 52
201–250,Ulsan National Institute of Science and Technology (UNIST),South Korea,"4,255",13.5,8%,27 : 73
201–250,University College Dublin,Ireland,"22,081",23.5,27%,
201–250,University of Utah,United States,"30,036",14.1,9%,45 : 55
201–250,Vita-Salute San Raffaele University,Italy,"2,745",7.3,5%,59 : 41
201–250,University of Waterloo,Canada,"32,395",23.7,18%,46 : 54
201–250,William & Mary,United States,"8,098",11.8,9%,55 : 45
201–250,University of the Witwatersrand,South Africa,"28,279",26.1,8%,56 : 44
201–250,University of Wollongong,Australia,"18,209",31.2,26%,51 : 49
201–250,Yonsei University (Seoul campus),South Korea,"17,875",14.7,22%,46 : 54
251–300,Brighton and Sussex Medical School,United Kingdom,795,11.3,15%,57 : 43
251–300,University of Canberra,Australia,"10,098",29.2,29%,52 : 48
251–300,University of Cincinnati,United States,"28,049",20.5,9%,52 : 48
251–300,Clark University,United States,"3,136",11.9,25%,60 : 40
251–300,Colorado School of Mines,United States,"5,556",16.7,12%,28 : 72
251–300,Dalhousie University,Canada,"15,150",14.7,21%,55 : 45
251–300,University of Delaware,United States,"20,348",16.9,10%,57 : 43
251–300,University of Essex,United Kingdom,"11,132",15.7,41%,55 : 45
251–300,Flinders University,Australia,"15,939",24.1,31%,64 : 36
251–300,Florida State University,United States,"38,661",24.5,7%,56 : 44
251–300,Goethe University Frankfurt,Germany,"45,826",19.9,15%,57 : 43
251–300,Griffith University,Australia,"31,574",22.2,19%,57 : 43
251–300,University of Iceland,Iceland,"8,276",14.1,11%,66 : 34
251–300,University of Illinois at Chicago,United States,"25,705",11.2,19%,52 : 48
251–300,Indian Institute of Science,India,"4,071",9.4,1%,21 : 79
251–300,Jacobs University,Germany,"1,114",16.6,69%,44 : 56
251–300,Johannes Gutenberg University of Mainz,Germany,"32,359",28.0,11%,59 : 41
251–300,Laval University,Canada,"29,588",16.9,13%,57 : 43
251–300,University of Marburg,Germany,"25,942",35.7,10%,55 : 45
251–300,Moscow Institute of Physics and Technology,Russian Federation,"5,687",10.5,15%,19 : 81
251–300,University of Navarra,Spain,"10,717",14.7,20%,53 : 47
251–300,North Carolina State University,United States,"30,190",12.8,14%,45 : 55
251–300,Oregon Health and Science University,United States,"2,899",1.0,3%,65 : 35
251–300,Osaka University,Japan,"23,173",7.8,10%,31 : 69
251–300,University of Oulu,Finland,"9,764",23.5,7%,50 : 50
251–300,Queen’s University,Canada,"22,884",24.7,12%,58 : 42
251–300,"Royal Holloway, University of London",United Kingdom,"9,099",14.9,39%,60 : 40
251–300,Ruhr University Bochum,Germany,"42,425",61.2,14%,49 : 51
251–300,"St George’s, University of London",United Kingdom,"3,240",15.3,19%,62 : 38
251–300,University of São Paulo,Brazil,"82,962",15.3,4%,48 : 52
251–300,Sapienza University of Rome,Italy,"68,282",21.8,6%,57 : 43
251–300,Simon Fraser University,Canada,"26,313",27.3,30%,55 : 45
251–300,University of Southern Denmark,Denmark,"25,975",14.3,16%,53 : 47
251–300,University of South Florida (Tampa)  ,United States,"33,413",18.8,13%,
251–300,Stony Brook University,United States,"23,722",10.6,23%,49 : 51
251–300,University of Stuttgart,Germany,"26,697",47.1,20%,32 : 68
251–300,University of Surrey,United Kingdom,"11,987",15.6,40%,53 : 47
251–300,Swansea University,United Kingdom,"14,978",16.5,23%,45 : 55
251–300,Swedish University of Agricultural Sciences,Sweden,"3,745",4.4,4%,69 : 31
251–300,Syracuse University,United States,"20,277",16.0,20%,53 : 47
251–300,Technical University of Darmstadt,Germany,"18,221",40.7,16%,30 : 70
251–300,University of Texas at Dallas,United States,"20,787",21.6,25%,43 : 57
251–300,Tohoku University,Japan,"17,687",5.5,11%,26 : 74
251–300,Tokyo Institute of Technology,Japan,"9,612",7.5,14%,14 : 86
251–300,University of Trento,Italy,"12,856",20.2,8%,51 : 49
251–300,Vienna University of Technology,Austria,"17,827",34.0,29%,29 : 71
251–300,Virginia Polytechnic Institute and State University,United States,"32,296",18.5,14%,43 : 57
251–300,Vrije Universiteit Brussel,Belgium,"11,101",27.8,22%,54 : 46
251–300,Wake Forest University,United States,"7,588",4.0,7%,52 : 48
301–350,Aix-Marseille University,France,"69,147",17.1,11%,58 : 42
301–350,University of Alaska Fairbanks,United States,"3,667",8.4,6%,50 : 50
301–350,Alfaisal University,Saudi Arabia,"2,407",10.6,40%,58 : 42
301–350,American University,United States,"10,790",10.8,13%,65 : 35
301–350,Anglia Ruskin University,United Kingdom,"16,498",22.5,28%,61 : 39
301–350,Auckland University of Technology,New Zealand,"18,160",17.5,44%,59 : 41
301–350,University of Bayreuth,Germany,"12,784",36.7,8%,45 : 55
301–350,"Birkbeck, University of London",United Kingdom,"8,242",16.1,40%,53 : 47
301–350,Boston College,United States,"13,035",15.9,14%,55 : 45
301–350,University of Bremen,Germany,"19,173",31.4,11%,50 : 50
301–350,University of Canterbury,New Zealand,"12,492",17.2,22%,49 : 51
301–350,University of Colorado Denver,United States,"17,853",5.4,7%,56 : 44
301–350,University of Connecticut,United States,"30,356",14.6,8%,53 : 47
301–350,Curtin University,Australia,"30,904",18.3,35%,51 : 49
301–350,Cyprus University of Technology,Cyprus,"3,114",17.7,8%,56 : 44
301–350,University of Denver,United States,"9,421",13.2,10%,57 : 43
301–350,Federal University of Toulouse Midi-Pyrénées,France,"101,658",25.0,18%,52 : 48
301–350,George Mason University,United States,"28,261",17.7,9%,54 : 46
301–350,Grenoble Alpes University,France,"40,758",17.5,13%,53 : 47
301–350,Heriot-Watt University,United Kingdom,"9,158",16.7,38%,41 : 59
301–350,Higher School of Economics,Russian Federation,"19,527",11.3,9%,
301–350,University of Houston,United States,"42,962",43.6,10%,50 : 50
301–350,Khalifa University,United Arab Emirates,"3,288",8.1,28%,51 : 49
301–350,La Trobe University,Australia,"21,203",34.8,28%,62 : 38
301–350,University of Liège,Belgium,"20,730",26.5,21%,56 : 44
301–350,University of Malaya,Malaysia,"17,095",8.9,23%,57 : 43
301–350,University of Milan,Italy,"46,843",23.0,6%,59 : 41
301–350,Montpellier University,France,"39,837",19.9,14%,53 : 47
301–350,Nagoya University,Japan,"15,630",9.2,10%,29 : 71
301–350,University of Naples Federico II,Italy,"49,789",20.5,1%,56 : 44
301–350,"National University of Ireland, Galway",Ireland,"13,888",26.8,18%,57 : 43
301–350,University of Newcastle,Australia,"22,220",20.9,17%,55 : 45
301–350,University of New Mexico (Main campus)  ,United States,"21,506",18.8,5%,55 : 45
301–350,Oregon State University,United States,"24,280",16.2,11%,46 : 54
301–350,University of Pisa,Italy,"32,751",22.1,5%,52 : 48
301–350,Polytechnic University of Milan,Italy,"33,663",24.2,15%,34 : 66
301–350,Reykjavík University,Iceland,"3,110",27.2,7%,42 : 58
301–350,Southern University of Science and Technology (SUSTech),China,"2,115",6.3,0%,33 : 67
301–350,Stellenbosch University,South Africa,"23,750",26.0,8%,55 : 45
301–350,Sun Yat-sen University,China,"51,061",16.2,9%,51 : 49
301–350,University of Tartu,Estonia,"8,518",11.3,6%,68 : 32
301–350,Technion Israel Institute of Technology,Israel,"14,703",21.8,5%,36 : 64
301–350,The University of Tennessee-Knoxville,United States,"25,720",16.7,5%,
301–350,TU Dortmund University,Germany,"33,665",102.0,10%,45 : 55
301–350,Tulane University,United States,"11,120",10.5,11%,57 : 43
301–350,Umeå University,Sweden,"16,762",11.9,11%,60 : 40
301–350,University College Cork,Ireland,"16,578",22.2,18%,57 : 43
301–350,Université de Versailles Saint-Quentin-en-Yvelines,France,"16,817",24.1,14%,59 : 41
301–350,University of Victoria,Canada,"19,286",23.4,21%,56 : 44
301–350,Victoria University,Australia,"15,153",31.1,19%,53 : 47
301–350,Washington State University,United States,"27,689",19.3,8%,52 : 48
301–350,Wayne State University,United States,"22,123",11.0,9%,55 : 45
301–350,Wuhan University,China,"50,015",14.2,8%,
351–400,Aberystwyth University,United Kingdom,"7,163",15.7,18%,47 : 53
351–400,Aston University,United Kingdom,"9,926",21.6,29%,49 : 51
351–400,Autonomous University of Madrid,Spain,"29,532",13.4,14%,59 : 41
351–400,Babol Noshirvani University of Technology,Iran,"5,353",30.9,0%,33 : 67
351–400,"University of California, Merced",United States,"6,680",19.3,8%,51 : 49
351–400,"City, University of London",United Kingdom,"14,067",18.7,53%,56 : 44
351–400,University of Côte d’Azur,France,"35,112",21.8,23%,55 : 45
351–400,University of Crete,Greece,"14,890",27.8,4%,61 : 39
351–400,University of Cyprus,Cyprus,"6,861",22.7,10%,67 : 33
351–400,Deakin University,Australia,"37,330",30.3,19%,58 : 42
351–400,Drexel University,United States,"19,650",10.5,18%,49 : 51
351–400,University of Eastern Finland,Finland,"11,572",18.7,7%,63 : 37
351–400,Free University of Bozen-Bolzano,Italy,"3,445",11.4,11%,67 : 33
351–400,Hanyang University,South Korea,"20,010",14.8,19%,
351–400,Hofstra University,United States,"9,813",13.6,10%,57 : 43
351–400,Huazhong University of Science and Technology,China,"56,282",16.6,5%,35 : 65
351–400,IMT Atlantique,France,"1,664",8.0,45%,
351–400,Indian Institute of Technology Indore,India,"1,118",8.6,0%,15 : 85
351–400,University of Innsbruck,Austria,"14,524",13.0,39%,54 : 46
351–400,Iowa State University,United States,"31,931",18.3,12%,44 : 56
351–400,Jordan University of Science and Technology,Jordan,"22,318",12.1,19%,57 : 43
351–400,Justus Liebig University Giessen,Germany,"28,389",47.0,9%,61 : 39
351–400,University of Kansas,United States,"24,450",9.9,9%,51 : 49
351–400,University of Kent,United Kingdom,"17,369",13.1,30%,53 : 47
351–400,Kyung Hee University,South Korea,"22,013",16.9,23%,45 : 55
351–400,Linköping University,Sweden,"18,221",8.2,11%,55 : 45
351–400,University of Macau,Macao,"9,893",15.2,36%,58 : 42
351–400,Maynooth University,Ireland,"8,768",27.6,12%,56 : 44
351–400,University of Modena and Reggio Emilia,Italy,"16,137",22.2,6%,53 : 47
351–400,Nankai University,China,"28,336",13.7,6%,
351–400,National Research Nuclear University MEPhI,Russian Federation,"6,804",9.7,21%,30 : 70
351–400,University of Nebraska-Lincoln,United States,"22,728",16.6,12%,48 : 52
351–400,Norwegian University of Science and Technology,Norway,"34,803",16.2,9%,49 : 51
351–400,University of Perugia,Italy,"23,401",34.4,5%,56 : 44
351–400,Rensselaer Polytechnic Institute,United States,"7,459",15.4,19%,32 : 68
351–400,Rush University,United States,"2,426",1.4,1%,74 : 26
351–400,Sabancı University,Turkey,"3,632",22.0,10%,38 : 62
351–400,University of Salerno,Italy,"23,171",24.3,2%,58 : 42
351–400,University of Siena,Italy,"12,143",13.8,7%,59 : 41
351–400,University of Stirling,United Kingdom,"9,183",16.0,22%,62 : 38
351–400,University of Tasmania,Australia,"11,920",15.0,26%,57 : 43
351–400,Temple University,United States,"34,450",9.1,9%,52 : 48
351–400,University of Turku,Finland,"12,604",16.3,6%,62 : 38
351–400,United Arab Emirates University,United Arab Emirates,"7,494",9.2,24%,81 : 19
351–400,University of Vermont,United States,"11,126",8.7,5%,56 : 44
351–400,Western Sydney University,Australia,"32,461",33.2,14%,55 : 45
351–400,York University,Canada,"46,220",41.5,24%,57 : 43
401–500,University of Alabama,United States,"34,539",22.3,5%,55 : 45
401–500,University of Alabama in Huntsville,United States,"5,969",14.1,9%,44 : 56
401–500,American University of Beirut,Lebanon,"8,214",8.6,21%,51 : 49
401–500,Australian Catholic University,Australia,"23,078",42.4,11%,73 : 27
401–500,Bangor University,United Kingdom,"9,277",18.9,24%,56 : 44
401–500,University of Bari Aldo Moro,Italy,"30,273",20.6,1%,61 : 39
401–500,Bar-Ilan University,Israel,"16,637",17.7,5%,59 : 41
401–500,University of Bordeaux,France,"54,484",21.3,13%,58 : 42
401–500,Brunel University London,United Kingdom,"10,979",16.0,38%,47 : 53
401–500,University of Calabria,Italy,"29,008",33.3,2%,60 : 40
401–500,University of Campinas,Brazil,"27,936",14.5,4%,47 : 53
401–500,Catholic University of the Sacred Heart,Italy,"30,690",22.2,9%,66 : 34
401–500,Centrale Nantes,France,"1,656",16.0,43%,25 : 75
401–500,CentraleSupélec,France,"4,339",12.1,32%,22 : 78
401–500,Charles University in Prague,Czech Republic,"49,236",12.9,17%,62 : 38
401–500,Claude Bernard University Lyon 1,France,"26,034",12.3,13%,52 : 48
401–500,"Colorado State University, Fort Collins",United States,"25,374",16.5,6%,53 : 47
401–500,Complutense University of Madrid,Spain,"64,466",20.1,14%,61 : 39
401–500,University of Desarrollo,Chile,"15,925",18.0,2%,55 : 45
401–500,Diego Portales University,Chile,"16,802",14.6,2%,49 : 51
401–500,Dublin City University,Ireland,"9,748",27.3,14%,50 : 50
401–500,University of Ferrara,Italy,"14,464",24.4,7%,56 : 44
401–500,University of Florence,Italy,"35,055",20.5,7%,55 : 45
401–500,Florida International University,United States,"33,394",23.9,8%,56 : 44
401–500,Fujita Health University,Japan,"2,810",3.1,0%,55 : 45
401–500,University of Genoa,Italy,"23,547",18.9,9%,55 : 45
401–500,University of Georgia,United States,"34,707",16.6,8%,57 : 43
401–500,Georgia State University,United States,"33,233",16.1,5%,59 : 41
401–500,Graz University of Technology,Austria,"6,403",10.2,19%,23 : 77
401–500,University of Greifswald,Germany,"10,414",19.7,6%,56 : 44
401–500,Gwangju Institute of Science and Technology,South Korea,"1,964",11.6,6%,26 : 74
401–500,Hamburg University of Technology,Germany,"7,452",50.7,18%,26 : 74
401–500,Harbin Institute of Technology,China,"30,116",9.9,10%,31 : 69
401–500,Hasselt University,Belgium,"5,256",32.4,12%,47 : 53
401–500,Hokkaido University,Japan,"18,114",7.9,10%,30 : 70
401–500,Hong Kong Baptist University,Hong Kong,"10,872",10.5,31%,62 : 38
401–500,Indian Institute of Technology Bombay,India,"10,001",17.1,1%,18 : 82
401–500,Indian Institute of Technology Roorkee,India,"7,925",17.4,2%,10 : 90
401–500,JSS Academy of Higher Education and Research,India,"5,421",8.6,8%,55 : 45
401–500,University of Jyväskylä,Finland,"10,338",15.9,5%,60 : 40
401–500,University of Kaiserslautern,Germany,"14,648",53.9,16%,38 : 62
401–500,University of Kentucky,United States,"27,299",14.5,5%,55 : 45
401–500,Koç University,Turkey,"5,378",15.7,8%,52 : 48
401–500,University of KwaZulu-Natal,South Africa,"35,451",28.4,5%,58 : 42
401–500,Kyushu University,Japan,"18,647",8.3,12%,28 : 72
401–500,Leibniz University Hanover,Germany,"26,318",44.4,12%,40 : 60
401–500,University of Lille,France,"66,710",28.2,12%,56 : 44
401–500,Loughborough University,United Kingdom,"14,225",14.7,24%,39 : 61
401–500,University of Manitoba,Canada,"29,260",28.4,16%,54 : 46
401–500,Marche Polytechnic University,Italy,"10,850",20.9,4%,48 : 52
401–500,Middlesex University,United Kingdom,"15,135",18.0,46%,60 : 40
401–500,University of Milan-Bicocca,Italy,"26,508",30.4,6%,62 : 38
401–500,University of Montana,United States,"8,957",16.1,3%,56 : 44
401–500,Murdoch University,Australia,"15,723",30.9,43%,59 : 41
401–500,National Taiwan University of Science and Technology (Taiwan Tech),Taiwan,"8,087",18.9,13%,30 : 70
401–500,National Tsing Hua University,Taiwan,"16,037",15.6,8%,41 : 59
401–500,University of Nebraska Medical Center,United States,"2,806",2.3,8%,67 : 33
401–500,New Mexico Institute of Mining and Technology,United States,"1,791",6.3,9%,28 : 72
401–500,Northern Arizona University,United States,"27,449",26.6,5%,59 : 41
401–500,Northumbria University,United Kingdom,"22,084",17.9,16%,54 : 46
401–500,University of Oklahoma,United States,"27,352",10.3,7%,52 : 48
401–500,Örebro University,Sweden,"9,437",19.4,2%,61 : 39
401–500,University of Pavia,Italy,"24,032",39.2,7%,56 : 44
401–500,University of Plymouth,United Kingdom,"17,901",17.5,15%,54 : 46
401–500,Polytechnic University of Bari,Italy,"6,107",23.6,1%,32 : 68
401–500,Polytechnic University of Turin,Italy,"31,008",30.4,14%,29 : 71
401–500,University of Porto,Portugal,"31,855",18.9,12%,55 : 45
401–500,University of Portsmouth,United Kingdom,"19,305",15.5,26%,45 : 55
401–500,Qatar University,Qatar,"14,395",17.5,43%,75 : 25
401–500,RMIT University,Australia,"32,151",20.2,27%,47 : 53
401–500,University of Rome II – Tor Vergata,Italy,"34,899",19.2,7%,52 : 48
401–500,University of Rome III,Italy,"32,615",52.7,4%,58 : 42
401–500,University of Rovira i Virgili,Spain,"12,709",12.7,10%,59 : 41
401–500,Royal Veterinary College,United Kingdom,"1,966",10.3,17%,77 : 23
401–500,University of St Gallen,Switzerland,"7,495",11.7,35%,35 : 65
401–500,University of Saskatchewan,Canada,"16,884",16.7,19%,56 : 44
401–500,Sciences Po,France,"11,584",44.0,34%,59 : 41
401–500,Semmelweis University,Hungary,"10,809",9.6,32%,67 : 33
401–500,University of Siegen,Germany,"19,586",43.3,11%,49 : 51
401–500,SOAS University of London,United Kingdom,"4,965",11.7,54%,65 : 35
401–500,University of South Carolina-Columbia,United States,"31,547",16.2,6%,55 : 45
401–500,State University of New York Albany,United States,"15,954",16.2,10%,52 : 48
401–500,University of Strasbourg,France,"45,482",18.5,20%,58 : 42
401–500,University of Strathclyde,United Kingdom,"17,727",19.4,27%,50 : 50
401–500,Swinburne University of Technology,Australia,"12,862",25.3,26%,38 : 62
401–500,Tampere University of Technology,Finland,"5,439",21.4,10%,23 : 77
401–500,Teikyo University,Japan,"23,711",18.1,2%,34 : 66
401–500,Tokyo Medical and Dental University (TMDU),Japan,"2,986",3.2,8%,50 : 50
401–500,Tokyo Metropolitan University,Japan,"9,185",13.4,4%,36 : 64
401–500,Tongji University,China,"36,511",13.5,10%,40 : 60
401–500,University of Trieste,Italy,"16,084",22.9,9%,56 : 44
401–500,University of Tsukuba,Japan,"16,717",13.3,20%,39 : 61
401–500,University of Tulsa,United States,"4,563",11.9,23%,43 : 57
401–500,University of Turin,Italy,"52,495",27.9,8%,61 : 39
401–500,UiT The Arctic University of Norway,Norway,"16,266",13.4,10%,58 : 42
401–500,University of Urbino Carlo Bo,Italy,"14,386",40.3,6%,61 : 39
401–500,University of Valencia,Spain,"50,927",16.7,11%,62 : 38
401–500,Verona University,Italy,"19,030",26.1,5%,65 : 35
401–500,University of Waikato,New Zealand,"9,805",17.1,18%,58 : 42
401–500,Victoria University of Wellington,New Zealand,"17,391",19.1,21%,56 : 44
401–500,University of the West of Scotland,United Kingdom,"11,161",20.7,18%,58 : 42
401–500,University of Wisconsin-Milwaukee,United States,"21,251",19.1,6%,53 : 47
501–600,Amirkabir University of Technology,Iran,"11,918",21.7,2%,35 : 65
501–600,University of Aveiro,Portugal,"9,842",16.5,11%,51 : 49
501–600,University of the Balearic Islands,Spain,"11,507",12.7,6%,59 : 41
501–600,Beihang University,China,"29,520",14.4,6%,
501–600,University of Bergamo,Italy,"17,349",56.7,6%,62 : 38
501–600,Bilkent University,Turkey,"10,659",15.0,7%,46 : 54
501–600,"Binghamton University, State University of New York",United States,"17,582",23.0,15%,48 : 52
501–600,Boğaziçi University,Turkey,"12,374",25.4,7%,49 : 51
501–600,Bond University,Australia,"3,273",10.7,41%,53 : 47
501–600,Université Bourgogne Franche-Comté (UBFC),France,"58,837",33.6,11%,54 : 46
501–600,Bournemouth University,United Kingdom,"12,777",16.5,19%,57 : 43
501–600,University of Brescia,Italy,"14,296",26.2,7%,46 : 54
501–600,Carleton University,Canada,"26,856",30.3,20%,48 : 52
501–600,University of Catania,Italy,"26,267",20.6,1%,57 : 43
501–600,Central Queensland University,Australia,"13,770",26.4,28%,56 : 44
501–600,Charles Darwin University,Australia,"6,537",25.7,34%,64 : 36
501–600,Chemnitz University of Technology,Germany,"10,831",47.3,22%,42 : 58
501–600,"China Medical University, Taiwan",Taiwan,"7,730",17.0,10%,54 : 46
501–600,Chung-Ang University,South Korea,"13,815",18.9,18%,
501–600,University of Coimbra,Portugal,"21,236",17.4,17%,56 : 44
501–600,Creighton University,United States,"8,281",11.5,10%,62 : 38
501–600,East China Normal University,China,"25,237",11.5,17%,66 : 34
501–600,Edith Cowan University,Australia,"17,100",36.0,26%,60 : 40
501–600,University of Graz,Austria,"20,586",22.2,14%,64 : 36
501–600,University of Guelph,Canada,"21,644",27.8,5%,59 : 41
501–600,Hacettepe University,Turkey,"42,827",19.9,4%,57 : 43
501–600,University of Hull,United Kingdom,"13,433",16.9,18%,53 : 47
501–600,Hunan University,China,"42,692",22.5,2%,45 : 55
501–600,University of Idaho,United States,"9,675",17.2,8%,48 : 52
501–600,Indian Institute of Technology Delhi,India,"8,130",14.9,1%,16 : 84
501–600,Indian Institute of Technology Kanpur,India,"6,609",15.2,1%,14 : 86
501–600,Indian Institute of Technology Kharagpur,India,"9,397",13.9,0%,14 : 86
501–600,ITMO University,Russian Federation,"10,268",9.3,15%,38 : 62
501–600,Johannes Kepler University of Linz,Austria,"6,345",11.1,11%,52 : 48
501–600,University of Kashan,Iran,"7,844",25.7,4%,55 : 45
501–600,Keele University,United Kingdom,"8,505",14.7,21%,57 : 43
501–600,Kent State University,United States,"24,469",19.3,10%,59 : 41
501–600,King Saud University,Saudi Arabia,"38,917",11.0,10%,51 : 49
501–600,King Saud bin Abdulaziz University for Health Sciences,Saudi Arabia,"8,122",4.4,1%,47 : 53
501–600,University of La Laguna,Spain,"18,736",13.1,4%,58 : 42
501–600,Lappeenranta-Lahti University of Technology LUT,Finland,"3,670",24.6,20%,31 : 69
501–600,Lehigh University,United States,"6,443",11.2,17%,44 : 56
501–600,University of Limerick,Ireland,"13,969",21.4,17%,48 : 52
501–600,Lincoln University,New Zealand,"2,426",13.2,38%,49 : 51
501–600,University of Lisbon,Portugal,"50,170",18.7,11%,50 : 50
501–600,Liverpool John Moores University,United Kingdom,"18,752",17.5,13%,54 : 46
501–600,Louisiana State University,United States,"29,533",20.5,6%,52 : 48
501–600,Makerere University,Uganda,"38,596",29.2,8%,52 : 48
501–600,"University of Maryland, Baltimore County",United States,"11,647",18.6,8%,45 : 55
501–600,Massey University,New Zealand,"18,944",15.7,30%,62 : 38
501–600,Memorial University of Newfoundland,Canada,"15,154",13.8,16%,57 : 43
501–600,Missouri University of Science and Technology,United States,"8,135",22.7,15%,23 : 77
501–600,Montana State University,United States,"14,192",18.8,4%,46 : 54
501–600,Nanjing University of Information Science and Technology,China,"19,265",14.6,3%,
501–600,National and Kapodistrian University of Athens,Greece,"54,364",27.5,11%,62 : 38
501–600,National Cheng Kung University (NCKU),Taiwan,"20,511",13.7,12%,36 : 64
501–600,National Chiao Tung University,Taiwan,"12,053",16.8,12%,28 : 72
501–600,National Yang-Ming University,Taiwan,"4,255",5.1,2%,48 : 52
501–600,University of Neuchâtel,Switzerland,"4,352",9.0,22%,59 : 41
501–600,New Jersey Institute of Technology,United States,"12,044",19.8,19%,24 : 76
501–600,Norwegian University of Life Sciences,Norway,"5,700",6.9,23%,60 : 40
501–600,NOVA University of Lisbon,Portugal,"19,885",18.6,17%,50 : 50
501–600,Novosibirsk State University,Russian Federation,"7,250",6.4,19%,57 : 43
501–600,Oklahoma State University,United States,"21,638",15.6,7%,49 : 51
501–600,The Open University,United Kingdom,"64,638",34.0,8%,61 : 39
501–600,Oxford Brookes University,United Kingdom,"14,006",16.7,28%,59 : 41
501–600,University of Palermo,Italy,"28,801",19.5,1%,58 : 42
501–600,Panthéon-Sorbonne University – Paris 1,France,"40,917",33.7,20%,60 : 40
501–600,University of Parma,Italy,"24,346",26.3,6%,56 : 44
501–600,Universidad Peruana Cayetano Heredia,Peru,"5,885",12.1,0%,60 : 40
501–600,University of the Philippines,Philippines,"45,410",9.7,1%,53 : 47
501–600,Polytechnic University of Catalonia,Spain,"21,591",9.1,14%,28 : 72
501–600,Pontifical Javeriana University,Colombia,"29,643",16.4,1%,56 : 44
501–600,Renmin University of China,China,"25,168",11.8,6%,
501–600,Saint Louis University,United States,"11,220",7.3,7%,59 : 41
501–600,Saint Petersburg State University,Russian Federation,"21,644",7.3,11%,64 : 36
501–600,University of Salento,Italy,"11,927",28.4,1%,63 : 37
501–600,San Diego State University,United States,"29,974",30.3,8%,55 : 45
501–600,Savitribai Phule Pune University,India,"6,186",15.3,2%,46 : 54
501–600,Sejong University,South Korea,"11,886",16.4,9%,47 : 53
501–600,Shandong University,China,"46,351",13.7,6%,
501–600,Soochow University,China,"42,684",15.2,7%,58 : 42
501–600,South China University of Technology,China,"42,472",14.5,5%,36 : 64
501–600,Southeast University,China,"33,063",11.8,5%,40 : 60
501–600,Southern Cross University,Australia,"8,678",24.5,21%,64 : 36
501–600,Stevens Institute of Technology,United States,"5,636",16.2,35%,29 : 71
501–600,Taipei Medical University,Taiwan,"5,895",10.5,9%,57 : 43
501–600,University of Texas at San Antonio,United States,"26,089",25.1,5%,50 : 50
501–600,Tianjin University,China,"33,429",12.9,5%,
501–600,University of Toledo,United States,"18,238",15.2,11%,50 : 50
501–600,Tomsk Polytechnic University,Russian Federation,"9,682",8.7,26%,33 : 67
501–600,Tomsk State University,Russian Federation,"7,673",9.6,29%,
501–600,Universiti Tunku Abdul Rahman (UTAR),Malaysia,"19,179",17.2,2%,52 : 48
501–600,University of Udine,Italy,"11,472",17.1,6%,53 : 47
501–600,University of Ulsan,South Korea,"13,523",12.3,4%,46 : 54
501–600,The University of the West Indies,Jamaica,"43,295",12.5,4%,68 : 32
501–600,Worcester Polytechnic Institute,United States,"5,517",12.6,22%,33 : 67
501–600,Xiamen University,China,"40,507",14.9,5%,49 : 51
501–600,Xi’an Jiaotong University,China,"33,973",10.8,5%,34 : 66
601–800,University of the Aegean,Greece,"12,352",38.7,1%,57 : 43
601–800,The University of Aizu,Japan,"1,165",10.5,5%,11 : 89
601–800,University of Alcalá,Spain,"17,711",12.8,22%,55 : 45
601–800,University of Algarve,Portugal,"7,501",12.4,13%,57 : 43
601–800,American University in Cairo,Egypt,"5,997",13.7,4%,54 : 46
601–800,Amrita Vishwa Vidyapeetham,India,"14,395",11.9,13%,
601–800,"University of the Andes, Colombia",Colombia,"15,921",8.7,2%,45 : 55
601–800,Aristotle University of Thessaloniki,Greece,"46,597",26.3,5%,58 : 42
601–800,University of Arkansas,United States,"24,545",20.3,6%,52 : 48
601–800,Athens University of Economics and Business,Greece,"9,839",46.9,4%,47 : 53
601–800,Auburn University,United States,"24,274",18.2,6%,50 : 50
601–800,Banaras Hindu University,India,"12,220",9.3,3%,27 : 73
601–800,University of the Basque Country,Spain,"42,581",14.6,4%,53 : 47
601–800,Baylor University,United States,"16,932",16.6,5%,57 : 43
601–800,Beijing Institute of Technology,China,"28,910",11.8,8%,35 : 65
601–800,University of Beira Interior,Portugal,"6,909",15.6,10%,52 : 48
601–800,Ben-Gurion University of the Negev,Israel,"15,133",18.9,3%,53 : 47
601–800,Benha University,Egypt,"89,763",29.0,5%,42 : 58
601–800,Beni-Suef University,Egypt,"66,543",26.1,1%,44 : 56
601–800,University of Bradford,United Kingdom,"9,239",16.9,28%,56 : 44
601–800,University of Brighton,United Kingdom,"16,906",17.5,22%,58 : 42
601–800,Ca’ Foscari University of Venice,Italy,"16,090",34.3,9%,65 : 35
601–800,University of Cagliari,Italy,"27,885",24.0,2%,59 : 41
601–800,Carlos III University of Madrid,Spain,"16,917",11.0,15%,43 : 57
601–800,Catholic University of Portugal,Portugal,"10,904",10.7,16%,60 : 40
601–800,University of Central Florida,United States,"54,697",36.2,3%,56 : 44
601–800,Central South University,China,"53,069",17.3,2%,41 : 59
601–800,Chang Gung University,Taiwan,"7,527",12.3,4%,44 : 56
601–800,Chiba University,Japan,"13,898",10.0,5%,37 : 63
601–800,University of Chile,Chile,"39,345",17.1,6%,47 : 53
601–800,China Agricultural University,China,"19,056",11.5,1%,58 : 42
601–800,"China University of Geosciences, Beijing",China,"18,114",17.4,1%,32 : 68
601–800,University of Clermont Auvergne,France,"34,572",18.3,13%,57 : 43
601–800,COMSATS University Islamabad,Pakistan,"31,413",10.9,1%,25 : 75
601–800,Concordia University,Canada,"32,065",30.6,28%,50 : 50
601–800,University of Costa Rica,Costa Rica,"32,276",14.3,2%,50 : 50
601–800,Covenant University,Nigeria,"9,369",18.1,0%,37 : 63
601–800,Coventry University,United Kingdom,"25,118",14.4,45%,48 : 52
601–800,Dalian University of Technology,China,"39,075",16.2,2%,35 : 65
601–800,University of Dayton,United States,"10,116",13.9,13%,52 : 48
601–800,University of Delhi,India,"22,854",23.8,1%,47 : 53
601–800,De Montfort University,United Kingdom,"17,131",19.2,25%,57 : 43
601–800,University of Deusto,Spain,"8,665",21.3,11%,59 : 41
601–800,East China University of Science and Technology,China,"21,602",11.9,1%,40 : 60
601–800,Eastern Mediterranean University,Northern Cyprus,"19,694",30.6,84%,37 : 63
601–800,École Centrale de Lyon,France,"1,938",15.6,29%,26 : 74
601–800,École normale supérieure Paris-Saclay,France,"1,830",11.7,15%,30 : 70
601–800,Edinburgh Napier University,United Kingdom,"11,156",20.0,32%,56 : 44
601–800,Embry-Riddle Aeronautical University,United States,"16,010",17.3,10%,17 : 83
601–800,Eötvös Loránd University,Hungary,"27,267",19.4,10%,65 : 35
601–800,Ewha Womans University,South Korea,"14,893",14.3,14%,100 : 0
601–800,Federal University of Minas Gerais,Brazil,"44,108",13.3,2%,53 : 47
601–800,Federal University of Rio de Janeiro,Brazil,"55,109",14.0,2%,54 : 46
601–800,Federal University of Rio Grande do Sul,Brazil,"47,931",17.1,2%,50 : 50
601–800,Federal University of São Paulo (UNIFESP),Brazil,"13,520",8.6,1%,60 : 40
601–800,Federico Santa María Technical University,Chile,"19,273",27.9,3%,24 : 76
601–800,Fordham University,United States,"12,646",12.5,15%,59 : 41
601–800,Fuzhou University,China,"34,664",16.6,1%,42 : 58
601–800,Glasgow Caledonian University,United Kingdom,"12,986",20.1,18%,59 : 41
601–800,University of Granada,Spain,"52,989",14.9,10%,57 : 43
601–800,University of Greenwich,United Kingdom,"14,579",17.9,35%,57 : 43
601–800,University of Haifa,Israel,"17,848",30.6,2%,66 : 34
601–800,University of Hertfordshire,United Kingdom,"17,555",17.6,28%,54 : 46
601–800,Hiroshima University,Japan,"14,875",8.6,7%,37 : 63
601–800,Huazhong Agricultural University,China,"26,178",17.9,2%,53 : 47
601–800,University of Huddersfield,United Kingdom,"15,055",21.5,26%,55 : 45
601–800,University of Ibadan,Nigeria,"25,416",15.6,1%,46 : 54
601–800,Ilmenau University of Technology,Germany,"6,253",8.0,20%,27 : 73
601–800,"Indian Institute of Science Education and Research, Pune",India,"1,130",8.5,0%,33 : 67
601–800,Indian Institute of Technology Bhubaneswar,India,"1,016",9.4,0%,15 : 85
601–800,Indian Institute of Technology Guwahati,India,"5,592",13.2,1%,17 : 83
601–800,Indian Institute of Technology Hyderabad,India,"1,969",11.7,0%,20 : 80
601–800,Indian Institute of Technology Madras,India,"9,013",15.8,1%,20 : 80
601–800,University of Indonesia,Indonesia,"41,144",10.1,8%,60 : 40
601–800,University of Ioannina,Greece,"22,492",44.3,3%,56 : 44
601–800,Iran University of Science and Technology,Iran,"14,208",33.5,0%,31 : 69
601–800,ISCTE-University Institute of Lisbon,Portugal,"8,866",25.2,13%,49 : 51
601–800,Isfahan University of Technology,Iran,"9,816",20.7,1%,43 : 57
601–800,Istanbul Technical University,Turkey,"34,594",22.8,4%,34 : 66
601–800,Jadavpur University,India,"11,515",17.5,1%,32 : 68
601–800,Jagiellonian University,Poland,"42,131",11.5,7%,67 : 33
601–800,Jaume I University,Spain,"12,581",16.5,9%,58 : 42
601–800,University of Johannesburg,South Africa,"25,515",24.0,9%,55 : 45
601–800,Juntendo University,Japan,"4,407",3.8,2%,52 : 48
601–800,Kafrelsheikh University,Egypt,"66,990",40.7,1%,51 : 49
601–800,Kansas State University,United States,"21,970",14.6,9%,50 : 50
601–800,Kazan Federal University,Russian Federation,"26,021",10.8,11%,68 : 32
601–800,Universiti Kebangsaan Malaysia,Malaysia,"18,904",11.1,14%,60 : 40
601–800,Keio University,Japan,"34,740",10.6,7%,35 : 65
601–800,Kindai University,Japan,"32,322",13.5,2%,30 : 70
601–800,King Fahd University of Petroleum and Minerals,Saudi Arabia,"6,427",6.3,18%,0 : 100
601–800,Kingston University,United Kingdom,"16,545",20.3,36%,56 : 44
601–800,Kobe University,Japan,"15,786",7.7,7%,35 : 65
601–800,Konkuk University,South Korea,"14,173",26.7,14%,59 : 41
601–800,University of Las Palmas de Gran Canaria,Spain,"18,532",16.4,7%,56 : 44
601–800,Lebanese American University,Lebanon,"7,734",13.6,19%,51 : 49
601–800,University of Leoben,Austria,"3,103",6.1,16%,23 : 77
601–800,University of Lincoln,United Kingdom,"11,477",15.8,14%,55 : 45
601–800,University of Ljubljana,Slovenia,"40,834",15.2,5%,60 : 40
601–800,University of Lorraine,France,"57,103",19.0,15%,52 : 48
601–800,Louisiana Tech University,United States,"11,138",27.4,4%,45 : 55
601–800,Mahidol University,Thailand,"28,611",10.2,4%,64 : 36
601–800,Manchester Metropolitan University,United Kingdom,"27,732",15.4,16%,58 : 42
601–800,Mansoura University,Egypt,"136,359",25.0,3%,54 : 46
601–800,Marquette University,United States,"10,494",12.3,5%,53 : 47
601–800,Masaryk University,Czech Republic,"33,243",21.5,21%,62 : 38
601–800,Mashhad University of Medical Sciences,Iran,"9,015",10.6,2%,61 : 39
601–800,Middle East Technical University,Turkey,"27,294",32.2,6%,44 : 56
601–800,Miguel Hernández University of Elche ,Spain,"13,667",20.8,4%,50 : 50
601–800,University of Minho,Portugal,"18,299",18.4,10%,54 : 46
601–800,Mississippi State University,United States,"23,609",18.6,3%,51 : 49
601–800,Monterrey Institute of Technology,Mexico,"14,215",16.1,11%,41 : 59
601–800,Nanjing Agricultural University,China,"26,198",15.9,2%,55 : 45
601–800,Nanjing Medical University,China,"13,707",9.1,5%,
601–800,Nanjing Normal University,China,"26,894",13.2,3%,70 : 30
601–800,Nanjing Tech University,China,"31,846",14.2,1%,
601–800,University of Nantes,France,"36,520",24.5,10%,56 : 44
601–800,National Autonomous University of Mexico,Mexico,"162,018",13.6,6%,51 : 49
601–800,National Institute of Applied Sciences of Lyon (INSA Lyon),France,"6,125",8.8,29%,32 : 68
601–800,National Institute of Technology Rourkela,India,"6,010",20.0,4%,19 : 81
601–800,National University of Science and Technology (MISiS),Russian Federation,"7,334",10.4,24%,38 : 62
601–800,National Sun Yat-Sen University,Taiwan,"9,522",14.9,5%,39 : 61
601–800,National Taiwan Normal University,Taiwan,"10,621",12.6,26%,56 : 44
601–800,"University of Nevada, Las Vegas",United States,"25,120",26.1,5%,56 : 44
601–800,New Mexico State University (Main campus)  ,United States,"13,329",17.3,8%,53 : 47
601–800,Nippon Medical School,Japan,837,6.3,1%,33 : 67
601–800,University of North Carolina at Greensboro,United States,"18,593",24.9,3%,66 : 34
601–800,Northeast Normal University,China,"25,325",16.2,2%,72 : 28
601–800,Northwestern Polytechnical University,China,"27,423",13.6,3%,26 : 74
601–800,Nottingham Trent University,United Kingdom,"23,462",15.9,19%,57 : 43
601–800,Old Dominion University,United States,"19,064",19.3,3%,54 : 46
601–800,Open University of Catalonia,Spain,"20,133",54.6,3%,55 : 45
601–800,Otto von Guericke University of Magdeburg,Germany,"14,427",12.1,16%,43 : 57
601–800,University of Oviedo,Spain,"18,689",10.8,3%,52 : 48
601–800,Palacký University Olomouc,Czech Republic,"17,968",11.5,12%,69 : 31
601–800,Panjab University,India,"18,360",21.5,1%,47 : 53
601–800,University of Pécs,Hungary,"17,456",13.3,18%,58 : 42
601–800,Peter the Great St Petersburg Polytechnic University,Russian Federation,"18,420",8.8,24%,40 : 60
601–800,Polytechnic Institute of Porto,Portugal,"18,215",17.0,6%,46 : 54
601–800,Polytechnic University of Valencia,Spain,"21,945",9.4,13%,38 : 62
601–800,Pontifical Catholic University of Chile,Chile,"27,485",15.2,7%,
601–800,Pontifical Catholic University of Rio de Janeiro (PUC-Rio),Brazil,"15,415",18.7,6%,52 : 48
601–800,Portland State University,United States,"20,666",18.4,9%,54 : 46
601–800,University of Pretoria,South Africa,"35,687",23.2,8%,56 : 44
601–800,Pusan National University,South Korea,"24,409",18.4,11%,47 : 53
601–800,Université du Québec,Canada,"54,198",20.2,10%,57 : 43
601–800,University of Regina,Canada,"12,585",22.5,15%,60 : 40
601–800,University of Rennes 1,France,"27,685",17.4,11%,53 : 47
601–800,Rikkyo University,Japan,"20,542",24.7,3%,52 : 48
601–800,Rochester Institute of Technology,United States,"14,200",16.2,18%,34 : 66
601–800,Roskilde University,Denmark,"6,109",16.1,10%,63 : 37
601–800,RUDN University,Russian Federation,"19,350",10.8,25%,58 : 42
601–800,Universiti Sains Malaysia,Malaysia,"21,394",11.2,13%,65 : 35
601–800,University of Salamanca,Spain,"29,243",17.7,15%,58 : 42
601–800,University of Salford,United Kingdom,"15,947",18.8,25%,51 : 49
601–800,University of San Diego,United States,"7,671",13.0,8%,56 : 44
601–800,University of Santiago de Compostela,Spain,"26,118",15.2,8%,62 : 38
601–800,University of Sassari,Italy,"12,227",21.2,1%,61 : 39
601–800,University of Seville,Spain,"55,395",19.4,7%,54 : 46
601–800,Sharif University of Technology,Iran,"9,435",19.0,0%,26 : 74
601–800,Shenzhen University,China,"34,095",17.2,1%,47 : 53
601–800,Université de Sherbrooke,Canada,"15,148",12.7,8%,55 : 45
601–800,Shiraz University of Technology,Iran,"1,512",14.5,0%,36 : 64
601–800,Sichuan University,China,"59,998",13.8,3%,50 : 50
601–800,Sogang University,South Korea,"9,636",22.2,8%,43 : 57
601–800,University of South Alabama,United States,"14,391",15.0,6%,61 : 39
601–800,University of South Dakota,United States,"15,570",35.3,3%,61 : 39
601–800,University of Southern Queensland,Australia,"11,815",26.4,16%,58 : 42
601–800,University of Split,Croatia,"20,093",28.3,2%,
601–800,Suez Canal University,Egypt,"39,113",12.5,1%,62 : 38
601–800,University of the Sunshine Coast,Australia,"8,915",29.2,16%,64 : 36
601–800,University of Szeged,Hungary,"20,388",13.1,14%,57 : 43
601–800,University of Tabriz,Iran,"23,480",29.9,0%,50 : 50
601–800,Tallinn University of Technology,Estonia,"10,431",20.8,15%,43 : 57
601–800,Technical University of Madrid,Spain,"39,269",13.2,13%,32 : 68
601–800,University of Technology of Compiègne,France,"4,254",15.9,24%,37 : 63
601–800,University of Tehran,Iran,"55,645",25.7,2%,43 : 57
601–800,Tehran University of Medical Sciences,Iran,"12,230",7.2,6%,58 : 42
601–800,Universiti Teknologi Malaysia,Malaysia,"17,726",10.9,17%,52 : 48
601–800,Universiti Teknologi Petronas,Malaysia,"6,448",16.5,21%,33 : 67
601–800,University of Texas at Arlington,United States,"27,061",23.8,15%,55 : 45
601–800,University of Texas at El Paso,United States,"16,744",23.6,8%,53 : 47
601–800,Texas Tech University,United States,"32,486",22.2,9%,46 : 54
601–800,Tezpur University,India,"3,454",12.4,0%,38 : 62
601–800,University of Trás-os-Montes and Alto Douro,Portugal,"6,770",12.4,4%,57 : 43
601–800,Ulster University,United Kingdom,"17,919",18.9,8%,56 : 44
601–800,University of Vigo,Spain,"19,699",17.0,6%,50 : 50
601–800,University of Warsaw,Poland,"49,752",14.0,9%,65 : 35
601–800,Waseda University,Japan,"49,761",16.0,10%,37 : 63
601–800,University of the West of England,United Kingdom,"20,893",18.0,20%,53 : 47
601–800,University of the Western Cape,South Africa,"21,246",32.4,8%,60 : 40
601–800,Western Washington University,United States,"13,726",17.7,1%,57 : 43
601–800,University of Westminster,United Kingdom,"16,966",18.1,47%,59 : 41
601–800,West Virginia University,United States,"23,689",16.8,8%,47 : 53
601–800,University of Windsor,Canada,"13,427",24.8,18%,
601–800,University of Wolverhampton,United Kingdom,"15,468",20.4,21%,59 : 41
601–800,Yeungnam University,South Korea,"20,389",14.5,5%,50 : 50
601–800,Yokohama City University,Japan,"4,910",3.7,2%,56 : 44
601–800,University of Zaragoza,Spain,"28,008",10.3,4%,54 : 46
801–1000,Acharya Nagarjuna University,India,"4,730",13.4,5%,35 : 65
801–1000,University of A Coruña,Spain,"15,159",11.4,2%,52 : 48
801–1000,"Adam Mickiewicz University, Poznań",Poland,"37,630",14.0,2%,70 : 30
801–1000,AGH University of Science and Technology,Poland,"31,252",14.1,2%,
801–1000,"University of Agriculture, Faisalabad",Pakistan,"22,178",32.0,0%,42 : 58
801–1000,Aichi Medical University,Japan,"1,272",2.9,1%,60 : 40
801–1000,Ajou University,South Korea,"11,349",10.0,5%,36 : 64
801–1000,Alexandria University,Egypt,"175,270",25.0,3%,54 : 46
801–1000,Al-Farabi Kazakh National University,Kazakhstan,"16,931",4.6,14%,56 : 44
801–1000,University of Alicante,Spain,"27,639",19.0,9%,58 : 42
801–1000,Aligarh Muslim University,India,"17,884",14.3,2%,32 : 68
801–1000,University of Almería,Spain,"12,883",19.2,7%,56 : 44
801–1000,American University of Sharjah,United Arab Emirates,"5,769",14.2,84%,49 : 51
801–1000,Anadolu University,Turkey,"1,413,003",865.8,1%,44 : 56
801–1000,"Asia University, Taiwan",Taiwan,"12,320",26.0,3%,58 : 42
801–1000,Atılım University,Turkey,"7,624",13.7,7%,40 : 60
801–1000,Austral University of Chile,Chile,"14,873",16.7,2%,49 : 51
801–1000,Autonomous University of Querétaro,Mexico,"21,812",36.8,1%,56 : 44
801–1000,Azarbaijan Shahid Madani University,Iran,"6,322",23.9,0%,65 : 35
801–1000,Babeş-Bolyai University,Romania,"36,888",24.5,2%,64 : 36
801–1000,University of Baghdad,Iraq,"66,948",10.2,0%,58 : 42
801–1000,Bandung Institute of Technology (ITB),Indonesia,"18,643",11.8,2%,41 : 59
801–1000,Bauman Moscow State Technical University,Russian Federation,"20,510",3.9,7%,25 : 75
801–1000,University of Bedfordshire,United Kingdom,"10,683",18.8,32%,62 : 38
801–1000,Beijing Jiaotong University,China,"25,110",13.4,7%,
801–1000,University of Béjaïa,Algeria,"42,689",25.8,0%,61 : 39
801–1000,Belgorod State National Research University,Russian Federation,"13,883",12.9,15%,67 : 33
801–1000,University of Belgrade,Serbia,"99,760",21.1,5%,61 : 39
801–1000,"Birla Institute of Technology and Science, Pilani",India,"12,612",17.2,0%,19 : 81
801–1000,University of Brasília,Brazil,"52,039",18.4,2%,51 : 49
801–1000,Brno University of Technology,Czech Republic,"21,522",20.8,21%,28 : 72
801–1000,University of Bucharest,Romania,"31,388",24.2,2%,70 : 30
801–1000,Budapest University of Technology and Economics,Hungary,"19,499",17.6,7%,30 : 70
801–1000,University of Burgos,Spain,"7,394",13.4,3%,56 : 44
801–1000,Cairo University,Egypt,"233,999",42.1,2%,47 : 53
801–1000,"California Polytechnic State University, San Luis Obispo",United States,"19,461",20.1,2%,48 : 52
801–1000,Capital Medical University,China,"12,826",7.1,5%,68 : 32
801–1000,University of Castilla-La Mancha,Spain,"23,309",13.6,6%,56 : 44
801–1000,University of Central Lancashire,United Kingdom,"18,389",16.4,18%,57 : 43
801–1000,University of Cergy-Pontoise,France,"17,161",19.1,15%,56 : 44
801–1000,"University of Chemistry and Technology, Prague",Czech Republic,"4,312",10.0,20%,62 : 38
801–1000,Chiang Mai University,Thailand,"36,635",16.2,1%,61 : 39
801–1000,"China University of Geosciences, Wuhan",China,"28,652",17.2,3%,
801–1000,China University of Mining and Technology,China,"45,518",18.8,2%,30 : 70
801–1000,"China University of Petroleum, Beijing",China,"15,127",18.9,4%,
801–1000,China Pharmaceutical University,China,"15,646",17.0,2%,
801–1000,Chonbuk National University,South Korea,"21,221",20.6,4%,45 : 55
801–1000,Chongqing University,China,"47,031",17.0,4%,
801–1000,Chonnam National University,South Korea,"23,261",17.1,5%,49 : 51
801–1000,Chulalongkorn University,Thailand,"36,781",12.3,2%,59 : 41
801–1000,Chung Yuan Christian University,Taiwan,"16,034",33.0,11%,43 : 57
801–1000,Comenius University in Bratislava,Slovakia,"21,376",10.4,12%,67 : 33
801–1000,Czech University of Life Sciences Prague (CULS),Czech Republic,"17,094",20.5,19%,54 : 46
801–1000,Czech Technical University in Prague,Czech Republic,"20,387",13.1,18%,31 : 69
801–1000,University of Debrecen,Hungary,"26,752",17.0,16%,56 : 44
801–1000,De La Salle University,Philippines,"17,679",19.3,3%,52 : 48
801–1000,University of Derby,United Kingdom,"12,500",14.9,13%,56 : 44
801–1000,Dublin Institute of Technology,Ireland,"15,288",21.0,20%,42 : 58
801–1000,East Carolina University,United States,"25,297",14.1,2%,59 : 41
801–1000,University of East London,United Kingdom,"10,639",16.9,32%,63 : 37
801–1000,Edge Hill University,United Kingdom,"12,025",14.6,5%,68 : 32
801–1000,Erciyes University,Turkey,"38,308",26.7,3%,47 : 53
801–1000,University of Évora,Portugal,"7,254",13.9,12%,55 : 45
801–1000,Fayoum University,Egypt,"30,087",15.0,0%,39 : 61
801–1000,Federal University of ABC (UFABC),Brazil,"14,320",20.9,1%,26 : 74
801–1000,Federal University of Bahia,Brazil,"32,614",12.7,1%,52 : 48
801–1000,Federal University of Pelotas,Brazil,"18,700",14.0,1%,56 : 44
801–1000,Federal University of Santa Catarina,Brazil,"37,964",16.7,3%,49 : 51
801–1000,Federal University of São Carlos,Brazil,"18,258",14.6,2%,49 : 51
801–1000,Ferdowsi University of Mashhad,Iran,"23,334",28.4,5%,57 : 43
801–1000,Ferhat Abbas Sétif University 1,Algeria,"32,283",21.9,1%,62 : 38
801–1000,Florida Atlantic University,United States,"23,449",18.7,11%,60 : 40
801–1000,Florida Institute of Technology,United States,"5,483",13.8,36%,34 : 66
801–1000,University of La Frontera,Chile,"10,310",26.5,0%,44 : 56
801–1000,Fu Jen Catholic University,Taiwan,"23,161",18.9,8%,58 : 42
801–1000,Gebze Technical University,Turkey,"6,620",25.4,2%,34 : 66
801–1000,University of Ghana,Ghana,"37,010",24.6,2%,44 : 56
801–1000,University of Guilan,Iran,"16,525",27.4,0%,56 : 44
801–1000,Hamamatsu University School of Medicine,Japan,"1,205",3.8,1%,49 : 51
801–1000,Hyogo College of Medicine,Japan,878,1.9,1%,36 : 64
801–1000,Indian Institute of Technology (Indian School of Mines) Dhanbad,India,"7,370",23.0,1%,14 : 86
801–1000,Indian Institute of Science Education and Research Kolkata,India,"1,199",12.5,0%,27 : 73
801–1000,Industrial University of Santander (UIS),Colombia,"20,014",23.9,0%,46 : 54
801–1000,Inha University,South Korea,"19,384",23.7,5%,39 : 61
801–1000,Iran University of Medical Sciences,Iran,"8,600",8.4,3%,50 : 50
801–1000,University of Isfahan,Iran,"12,900",19.8,1%,59 : 41
801–1000,Istanbul University,Turkey,"93,109",44.7,8%,48 : 52
801–1000,Iuliu Haţieganu University of Medicine and Pharmacy Cluj-Napoca,Romania,"7,121",6.9,33%,64 : 36
801–1000,University of Jaén,Spain,"15,728",19.2,8%,55 : 45
801–1000,Jamia Millia Islamia,India,"11,902",10.9,2%,42 : 58
801–1000,Jiangsu University,China,"34,251",9.5,4%,42 : 58
801–1000,Jikei University School of Medicine,Japan,"1,041",0.9,0%,46 : 54
801–1000,Jilin University,China,"69,305",10.7,3%,48 : 52
801–1000,Jinan University,China,"35,904",14.4,28%,59 : 41
801–1000,University of Jordan,Jordan,"31,305",16.7,15%,66 : 34
801–1000,Kagawa University,Japan,"6,426",9.5,2%,40 : 60
801–1000,Kanazawa University,Japan,"10,430",10.4,5%,36 : 64
801–1000,Kansai Medical University,Japan,845,1.2,2%,37 : 63
801–1000,Kaohsiung Medical University,Taiwan,"6,896",12.0,7%,56 : 44
801–1000,University Rey Juan Carlos,Spain,"36,643",26.6,14%,58 : 42
801–1000,King Mongkut’s University of Technology Thonburi,Thailand,"16,410",22.3,1%,47 : 53
801–1000,K.N. Toosi University of Technology,Iran,"6,646",21.6,1%,33 : 67
801–1000,Kochi University,Japan,"5,563",8.2,2%,45 : 55
801–1000,Kumamoto University,Japan,"10,237",7.7,7%,37 : 63
801–1000,Kuwait University,Kuwait,"37,207",22.0,14%,73 : 27
801–1000,Kyungpook National University,South Korea,"24,981",20.4,6%,44 : 56
801–1000,Kyushu Institute of Technology (Kyutech),Japan,"5,723",16.4,4%,13 : 87
801–1000,University of Latvia,Latvia,"15,197",13.6,5%,63 : 37
801–1000,Leeds Beckett University,United Kingdom,"20,099",20.0,13%,50 : 50
801–1000,University of Maribor,Slovenia,"12,571",14.4,5%,54 : 46
801–1000,University of Marrakech Cadi Ayyad,Morocco,"85,610",55.6,1%,48 : 52
801–1000,University of Mazandaran,Iran,"13,164",36.2,2%,64 : 36
801–1000,Metropolitan Autonomous University,Mexico,"57,742",20.1,0%,48 : 52
801–1000,Mohammed V University of Rabat,Morocco,"75,254",33.1,4%,56 : 44
801–1000,University of Murcia,Spain,"30,233",18.1,7%,61 : 39
801–1000,Nagasaki University,Japan,"9,144",6.9,4%,37 : 63
801–1000,Nagoya City University,Japan,"4,385",7.5,3%,52 : 48
801–1000,National Central University,Taiwan,"11,277",9.7,10%,34 : 66
801–1000,National Chengchi University,Taiwan,"14,670",17.8,16%,57 : 43
801–1000,National Chung Hsing University,Taiwan,"15,163",15.5,4%,39 : 61
801–1000,National University of Cuyo,Argentina,"45,269",10.1,8%,58 : 42
801–1000,National Dong Hwa University,Taiwan,"10,154",17.9,9%,50 : 50
801–1000,National University of San Martín,Argentina,"14,981",15.6,5%,66 : 34
801–1000,National University of Sciences and Technology,Pakistan,"10,446",7.6,3%,35 : 65
801–1000,National Taipei University,Taiwan,"8,580",16.9,4%,54 : 46
801–1000,National Taipei University of Technology,Taiwan,"10,092",16.3,8%,26 : 74
801–1000,National Taiwan Ocean University,Taiwan,"8,707",21.9,7%,31 : 69
801–1000,"National Institute of Technology, Tiruchirappalli",India,"5,981",18.5,7%,23 : 77
801–1000,Niigata University,Japan,"12,430",7.9,4%,38 : 62
801–1000,Normandy University,France,"66,189",20.7,11%,
801–1000,Northeastern University,China,"33,718",14.4,4%,
801–1000,University of Northern British Columbia (UNBC),Canada,"2,684",14.2,9%,60 : 40
801–1000,Northwest University,China,"23,155",14.4,3%,56 : 44
801–1000,NorthWest A&F University,China,"29,666",15.5,1%,48 : 52
801–1000,Novosibirsk State Technical University,Russian Federation,"12,643",11.6,17%,43 : 57
801–1000,Oakland University,United States,"15,927",19.3,3%,58 : 42
801–1000,Ocean University of China,China,"32,161",17.6,3%,52 : 48
801–1000,Okayama University,Japan,"13,189",7.9,4%,39 : 61
801–1000,Osaka City University,Japan,"8,325",8.8,4%,36 : 64
801–1000,Osmania University,India,"12,017",16.3,3%,29 : 71
801–1000,University of Ostrava,Czech Republic,"9,382",20.4,7%,70 : 30
801–1000,Pablo de Olavide University,Spain,"12,025",15.2,17%,60 : 40
801–1000,Paris Nanterre University,France,"32,735",35.0,17%,62 : 38
801–1000,University of Patras,Greece,"26,098",29.9,4%,49 : 51
801–1000,Pondicherry University,India,"6,185",17.0,0%,38 : 62
801–1000,Pontifical Catholic University of Peru,Peru,"22,322",7.0,3%,47 : 53
801–1000,Pontifical Catholic University of Rio Grande do Sul (PUCRS),Brazil,"19,398",23.2,0%,50 : 50
801–1000,Universiti Putra Malaysia,Malaysia,"23,853",10.2,20%,64 : 36
801–1000,Riga Technical University,Latvia,"10,564",26.6,10%,34 : 66
801–1000,Robert Gordon University,United Kingdom,"9,406",18.0,23%,61 : 39
801–1000,University of Roehampton,United Kingdom,"7,692",17.1,29%,72 : 28
801–1000,Saitama University,Japan,"8,602",13.7,5%,33 : 67
801–1000,Samara University,Russian Federation,"9,934",10.3,7%,51 : 49
801–1000,São Paulo State University (UNESP),Brazil,"30,718",9.7,4%,49 : 51
801–1000,Sapporo Medical University,Japan,"1,332",3.5,0%,41 : 59
801–1000,University of Science and Technology Beijing,China,"24,090",14.9,4%,36 : 64
801–1000,University of Seoul,South Korea,"8,857",16.8,5%,
801–1000,University of Sfax,Tunisia,"33,185",14.4,1%,67 : 33
801–1000,Shahid Beheshti University,Iran,"18,263",21.3,1%,52 : 48
801–1000,Shahid Beheshti University of Medical Sciences,Iran,"12,604",9.0,1%,62 : 38
801–1000,Shanghai University,China,"36,382",13.4,6%,47 : 53
801–1000,Shantou University,China,"9,981",11.0,1%,51 : 49
801–1000,University of Sharjah,United Arab Emirates,"13,957",23.1,63%,65 : 35
801–1000,Sheffield Hallam University,United Kingdom,"24,924",16.6,14%,55 : 45
801–1000,Shinshu University,Japan,"10,700",9.9,3%,32 : 68
801–1000,Shiraz University,Iran,"13,861",20.7,0%,49 : 51
801–1000,Sidi Mohamed Ben Abdellah University,Morocco,"94,163",63.2,2%,40 : 60
801–1000,Sohag University,Egypt,"48,895",28.2,0%,58 : 42
801–1000,Southern Medical University,China,"18,658",6.5,5%,59 : 41
801–1000,University of South Wales,United Kingdom,"16,500",17.5,20%,52 : 48
801–1000,Sri Venkateswara University,India,"7,747",17.3,0%,40 : 60
801–1000,Staffordshire University,United Kingdom,"9,456",15.3,14%,50 : 50
801–1000,Sultan Qaboos University,Oman,"7,624",8.9,3%,50 : 50
801–1000,Suranaree University of Technology,Thailand,"15,068",31.9,1%,54 : 46
801–1000,University of Talca,Chile,"10,628",23.6,1%,52 : 48
801–1000,Tanta University,Egypt,"138,971",28.2,2%,56 : 44
801–1000,Teesside University,United Kingdom,"11,580",17.9,12%,56 : 44
801–1000,Universiti Tenaga Nasional (UNITEN),Malaysia,"7,893",17.7,7%,40 : 60
801–1000,Texas State University,United States,"31,120",19.7,1%,58 : 42
801–1000,Thapar University,India,"7,503",15.5,1%,28 : 72
801–1000,Toho University,Japan,"5,096",13.4,0%,50 : 50
801–1000,Tokushima University,Japan,"7,566",8.8,2%,35 : 65
801–1000,Tokyo University of Agriculture and Technology,Japan,"5,795",14.9,6%,30 : 70
801–1000,Tokyo Medical University,Japan,"1,333",1.5,0%,50 : 50
801–1000,Tokyo University of Science,Japan,"19,162",24.8,2%,21 : 79
801–1000,Toyohashi University of Technology (TUT),Japan,"2,350",9.9,7%,9 : 91
801–1000,Tribhuvan University,Nepal,"359,377",44.6,0%,44 : 56
801–1000,Tshwane University of Technology,South Africa,"42,846",32.3,2%,52 : 48
801–1000,Universiti Utara Malaysia,Malaysia,"13,171",12.1,23%,65 : 35
801–1000,Vilnius University,Lithuania,"16,773",11.6,8%,65 : 35
801–1000,VIT University,India,"30,941",17.9,3%,27 : 73
801–1000,Warsaw University of Technology,Poland,"31,672",13.4,5%,34 : 66
801–1000,Wuhan University of Technology,China,"50,924",14.0,3%,30 : 70
801–1000,Xiangtan University,China,"30,928",21.2,1%,53 : 47
801–1000,Xidian University,China,"33,258",17.4,2%,29 : 71
801–1000,Yamagata University,Japan,"8,955",8.6,1%,35 : 65
801–1000,University of Yamanashi,Japan,"4,725",6.4,4%,31 : 69
801–1000,Yangzhou University,China,"36,362",16.0,3%,55 : 45
801–1000,Yokohama National University,Japan,"9,972",12.6,7%,29 : 71
801–1000,University of Zagreb,Croatia,"66,967",18.7,1%,50 : 50
1001+,Ain Shams University,Egypt,"171,700",17.4,3%,52 : 48
1001+,Akdeniz University,Turkey,"50,491",32.0,3%,55 : 45
1001+,Akita University,Japan,"5,074",9.2,4%,35 : 65
1001+,Al-Azhar University,Egypt,"318,158",41.9,5%,44 : 56
1001+,Alexandru Ioan Cuza University,Romania,"23,255",19.1,6%,65 : 35
1001+,Alzahra University,Iran,"10,590",24.4,1%,100 : 0
1001+,Amity University,India,"27,278",14.0,5%,43 : 57
1001+,"University of the Andes, Venezuela",Venezuela,"47,565",19.0,0%,62 : 38
1001+,Andhra University,India,"9,752",16.8,4%,51 : 49
1001+,Andrés Bello University (UNAB),Chile,"44,436",23.5,1%,52 : 48
1001+,Ankara University,Turkey,"69,324",18.0,4%,52 : 48
1001+,Annamalai University,India,"27,369",14.1,2%,42 : 58
1001+,University of Antioquia,Colombia,"40,505",23.3,0%,51 : 49
1001+,Aoyama Gakuin University,Japan,"19,520",8.2,3%,47 : 53
1001+,Assiut University,Egypt,"79,183",17.9,0%,45 : 55
1001+,Autonomous University of Baja California,Mexico,"59,812",20.4,2%,53 : 47
1001+,Autonomous University of Hidalgo State (UAEH),Mexico,"33,839",17.9,0%,56 : 44
1001+,Autonomous University of Nuevo León,Mexico,"102,466",27.2,1%,
1001+,Autonomous University of Puebla,Mexico,"78,390",35.2,0%,53 : 47
1001+,Autonomous University of San Luis Potosi,Mexico,"31,102",9.3,1%,50 : 50
1001+,Autonomous University of the State of Mexico,Mexico,"57,087",23.2,0%,59 : 41
1001+,Autonomous University of Yucatán,Mexico,"16,570",14.9,0%,49 : 51
1001+,Badji Mokhtar University – Annaba,Algeria,"40,514",33.6,1%,52 : 48
1001+,Bahauddin Zakariya University,Pakistan,"24,532",30.2,0%,44 : 56
1001+,Bahçeşehir University,Turkey,"14,159",34.2,12%,48 : 52
1001+,Belarusian State University,Belarus,"29,230",9.2,8%,65 : 35
1001+,University of Bío-Bío,Chile,"12,893",24.7,1%,42 : 58
1001+,University of Birjand,Iran,"11,347",28.7,1%,56 : 44
1001+,Birmingham City University,United Kingdom,"19,618",18.8,22%,62 : 38
1001+,Bogor Agricultural University,Indonesia,"23,044",13.1,1%,58 : 42
1001+,Bucharest University of Economic Studies,Romania,"21,447",11.8,3%,47 : 53
1001+,Canterbury Christ Church University,United Kingdom,"11,728",18.7,12%,67 : 33
1001+,Catholic University of the North,Chile,"11,669",20.5,2%,45 : 55
1001+,Ceará State University,Brazil,"17,934",16.3,0%,56 : 44
1001+,Chaoyang University of Technology,Taiwan,"17,017",43.3,8%,56 : 44
1001+,University of Chester,United Kingdom,"10,303",17.5,10%,66 : 34
1001+,Chiba Institute of Technology,Japan,"9,774",30.7,1%,12 : 88
1001+,Chubu University,Japan,"12,661",24.8,1%,26 : 74
1001+,Chungnam National University,South Korea,"22,773",21.7,4%,44 : 56
1001+,Chuo University,Japan,"26,698",37.9,4%,35 : 65
1001+,Cochin University of Science and Technology,India,"8,147",19.2,0%,36 : 64
1001+,University of Colombo,Sri Lanka,"29,464",29.5,0%,56 : 44
1001+,University of Concepción,Chile,"27,077",17.5,1%,51 : 49
1001+,University of Constantine 1,Algeria,"33,735",19.4,0%,55 : 45
1001+,Corvinus University of Budapest,Hungary,"10,404",24.7,14%,54 : 46
1001+,Cukurova University,Turkey,"41,446",18.7,4%,45 : 55
1001+,University of Dar es Salaam,Tanzania,"25,282",15.2,0%,33 : 67
1001+,Del Rosario University,Colombia,"9,568",12.5,1%,
1001+,Democritus University of Thrace,Greece,"29,386",46.9,3%,54 : 46
1001+,Dokuz Eylül University,Turkey,"63,639",19.2,2%,47 : 53
1001+,Doshisha University,Japan,"28,311",18.9,4%,40 : 60
1001+,"University of Economics, Prague",Czech Republic,"14,945",29.2,22%,54 : 46
1001+,Ehime University,Japan,"9,419",12.8,3%,37 : 63
1001+,The University of Electro-Communications,Japan,"4,806",15.7,6%,11 : 89
1001+,University of Engineering & Technology (UET) Lahore,Pakistan,"12,467",13.9,2%,23 : 77
1001+,Far Eastern Federal University,Russian Federation,"15,480",9.4,15%,
1001+,Federal University of Ceará (UFC),Brazil,"31,719",14.6,1%,47 : 53
1001+,Federal University of Goiás,Brazil,"29,558",13.3,0%,44 : 56
1001+,Federal University of Itajubá,Brazil,"8,997",18.2,1%,29 : 71
1001+,Federal University of Lavras,Brazil,"15,389",22.1,1%,52 : 48
1001+,Federal University of Pará,Brazil,"49,435",20.7,0%,56 : 44
1001+,Federal University of Paraná (UFPR),Brazil,"32,952",12.8,0%,51 : 49
1001+,Federal University of Pernambuco,Brazil,"38,264",14.7,1%,50 : 50
1001+,Federal University of Rio Grande do Norte (UFRN),Brazil,"39,365",16.3,0%,56 : 44
1001+,Federal University of Santa Maria,Brazil,"26,334",13.8,0%,56 : 44
1001+,Federal University of Technology – Paraná,Brazil,"33,025",13.2,1%,36 : 64
1001+,Federal University of Uberlândia,Brazil,"20,461",11.5,%,
1001+,Federal University of Viçosa,Brazil,"17,340",14.6,2%,51 : 49
1001+,Feng Chia University,Taiwan,"19,811",23.3,15%,37 : 63
1001+,Fluminense Federal University,Brazil,"68,410",19.0,0%,49 : 51
1001+,University of Fukui,Japan,"4,999",9.2,4%,29 : 71
1001+,Universitas Gadjah Mada,Indonesia,"41,201",10.5,1%,54 : 46
1001+,Gazi University,Turkey,"79,733",31.5,3%,49 : 51
1001+,"G.B. Pant University of Agriculture & Technology, Pantnagar",India,"4,389",7.5,0%,43 : 57
1001+,University of Gdańsk,Poland,"29,683",17.6,2%,61 : 39
1001+,Gdańsk University of Technology,Poland,"23,017",18.7,2%,40 : 60
1001+,Gifu University,Japan,"7,161",7.9,4%,35 : 65
1001+,GITAM University,India,"16,223",14.7,2%,32 : 68
1001+,Government College University Lahore,Pakistan,"8,841",33.5,1%,43 : 57
1001+,Grigore T. Popa University of Medicine and Pharmacy,Romania,"9,602",11.4,29%,66 : 34
1001+,University of Guadalajara,Mexico,"120,298",52.4,0%,52 : 48
1001+,University of Guanajuato,Mexico,"24,798",16.6,1%,52 : 48
1001+,Guangxi University,China,"34,199",15.8,5%,46 : 54
1001+,Gunma University,Japan,"6,362",7.3,3%,37 : 63
1001+,Hallym University,South Korea,"8,372",9.8,4%,
1001+,Harbin Engineering University,China,"24,124",14.1,2%,26 : 74
1001+,Hashemite University,Jordan,"16,879",16.8,4%,58 : 42
1001+,Helwan University,Egypt,"154,964",36.0,1%,58 : 42
1001+,Hosei University,Japan,"30,364",41.0,2%,36 : 64
1001+,Huaqiao University,China,"29,637",17.8,11%,49 : 51
1001+,University of Hyogo,Japan,"6,607",14.0,2%,39 : 61
1001+,Ibaraki University,Japan,"8,153",12.0,3%,35 : 65
1001+,Imam Abdulrahman Bin Faisal University,Saudi Arabia,"28,627",10.6,3%,78 : 22
1001+,Incheon National University,South Korea,"13,807",23.0,2%,44 : 56
1001+,I-Shou University,Taiwan,"16,425",31.1,9%,47 : 53
1001+,Ivane Javakhishvili Tbilisi State University,Georgia,"20,225",24.8,2%,62 : 38
1001+,Ivan Franko National University of Lviv,Ukraine,"18,210",9.6,1%,75 : 25
1001+,Iwate University,Japan,"5,626",14.7,3%,37 : 63
1001+,Izmir Institute of Technology,Turkey,"5,035",22.7,3%,46 : 54
1001+,Kagoshima University,Japan,"10,498",10.2,3%,38 : 62
1001+,Kanagawa University,Japan,"18,541",13.8,3%,28 : 72
1001+,Kansai University,Japan,"30,401",12.0,3%,39 : 61
1001+,Kasetsart University,Thailand,"68,213",22.9,1%,62 : 38
1001+,Kaunas University of Technology,Lithuania,"10,146",14.0,5%,38 : 62
1001+,Kazan National Research Technological University,Russian Federation,"15,631",10.6,10%,47 : 53
1001+,University of Kerala,India,"8,210",19.3,0%,56 : 44
1001+,Kharazmi University,Iran,"13,129",20.7,1%,57 : 43
1001+,Khon Kaen University,Thailand,"36,280",18.5,2%,56 : 44
1001+,King Mongkut’s Institute of Technology Ladkrabang,Thailand,"22,938",22.4,0%,53 : 47
1001+,King Mongkut's University of Technology North Bangkok,Thailand,"25,542",24.1,0%,40 : 60
1001+,Kitasato University,Japan,"8,539",5.3,0%,53 : 47
1001+,KIIT University,India,"19,633",14.0,2%,37 : 63
1001+,Kogakuin University,Japan,"6,531",17.0,1%,15 : 85
1001+,Kookmin University,South Korea,"17,299",11.1,9%,45 : 55
1001+,Kwansei Gakuin University,Japan,"23,965",21.1,3%,48 : 52
1001+,Kyoto Institute of Technology,Japan,"4,060",13.2,5%,27 : 73
1001+,University of Lahore,Pakistan,"24,674",14.3,2%,35 : 65
1001+,University of León,Spain,"12,303",14.6,5%,56 : 44
1001+,L.N. Gumilyov Eurasian National University,Kazakhstan,"16,155",4.9,3%,
1001+,Lobachevsky State University of Nizhni Novgorod,Russian Federation,"18,205",8.0,7%,53 : 47
1001+,University of Łódź,Poland,"33,758",15.2,4%,65 : 35
1001+,Lodz University of Technology,Poland,"17,115",13.1,3%,41 : 59
1001+,London South Bank University,United Kingdom,"11,965",17.1,34%,56 : 44
1001+,Londrina State University,Brazil,"23,392",13.7,1%,57 : 43
1001+,Lviv Polytechnic National University,Ukraine,"22,520",11.0,1%,39 : 61
1001+,Maharaja Sayajirao University of Baroda,India,"34,111",27.3,0%,58 : 42
1001+,Mahasarakham University,Thailand,"43,552",34.4,0%,63 : 37
1001+,Manipal Academy of Higher Education,India,"25,145",9.7,8%,43 : 57
1001+,Marmara University,Turkey,"72,603",35.7,4%,52 : 48
1001+,Meiji University,Japan,"32,270",29.8,4%,32 : 68
1001+,Meijo University,Japan,"15,422",32.6,2%,27 : 73
1001+,Menoufia University,Egypt,"82,327",38.7,1%,44 : 56
1001+,Michoacán University of San Nicolás of Hidalgo,Mexico,"39,392",29.0,1%,51 : 49
1001+,Ming Chuan University,Taiwan,"18,800",22.7,11%,60 : 40
1001+,Minia University,Egypt,"58,870",15.9,1%,61 : 39
1001+,University of Miyazaki,Japan,"5,507",8.3,2%,35 : 65
1001+,University of Monastir,Tunisia,"21,267",11.3,1%,68 : 32
1001+,Moscow Aviation Institute,Russian Federation,"15,263",10.5,9%,28 : 72
1001+,Moscow Power Engineering Institute,Russian Federation,"11,252",15.4,9%,38 : 62
1001+,MIREA - Russian Technological University,Russian Federation,"16,441",14.9,3%,31 : 69
1001+,Muroran Institute of Technology,Japan,"3,320",18.0,4%,9 : 91
1001+,University of Mysore,India,"7,944",20.3,8%,43 : 57
1001+,Nagaoka University of Technology,Japan,"2,388",10.3,12%,11 : 89
1001+,Nagoya Institute of Technology,Japan,"5,637",16.1,4%,14 : 86
1001+,University of Nairobi,Kenya,"72,466",40.4,1%,36 : 64
1001+,Nara Medical University,Japan,"1,202",3.6,1%,48 : 52
1001+,Naresuan University,Thailand,"23,232",15.8,1%,66 : 34
1001+,National Changhua University of Education,Taiwan,"8,124",21.4,8%,53 : 47
1001+,National Chiayi University,Taiwan,"12,537",26.0,4%,48 : 52
1001+,National Chung Cheng University,Taiwan,"14,278",19.9,4%,37 : 63
1001+,National University of Colombia,Colombia,"51,844",22.0,1%,38 : 62
1001+,National University of Córdoba,Argentina,"64,491",11.5,2%,63 : 37
1001+,National University of Kaohsiung,Taiwan,"5,599",23.5,4%,41 : 59
1001+,National University of La Plata,Argentina,"118,688",23.9,5%,56 : 44
1001+,National Polytechnic University (IPN),Mexico,"178,492",10.5,0%,38 : 62
1001+,National Research University of Electronic Technology (MIET),Russian Federation,"4,197",11.6,3%,31 : 69
1001+,National Research Saratov State University,Russian Federation,"8,756",9.7,6%,60 : 40
1001+,National University of the South,Argentina,"20,325",6.9,1%,58 : 42
1001+,Nicolaus Copernicus University in Toruń,Poland,"23,670",12.0,2%,69 : 31
1001+,University of Nigeria Nsukka,Nigeria,"32,429",14.2,1%,48 : 52
1001+,North China Electric Power University,China,"30,412",16.7,1%,35 : 65
1001+,Ochanomizu University,Japan,"2,947",14.2,5%,100 : 0
1001+,Oita University,Japan,"5,682",9.4,1%,37 : 63
1001+,Ondokuz Mayis University,Turkey,"33,790",30.5,6%,52 : 48
1001+,Osaka Prefecture University,Japan,"7,794",10.0,4%,36 : 64
1001+,University of Pardubice,Czech Republic,"7,807",14.5,6%,55 : 45
1001+,Perm National Research Polytechnic University,Russian Federation,"9,509",9.0,5%,38 : 62
1001+,Perm State University,Russian Federation,"12,452",14.2,1%,65 : 35
1001+,Pirogov Russian National Research Medical University,Russian Federation,"8,608",5.7,7%,73 : 27
1001+,PMAS Arid Agriculture University Rawalpindi,Pakistan,"10,919",45.5,0%,39 : 61
1001+,Pontifical Bolivarian University (UPB) – Medellín,Colombia,"13,748",11.3,1%,56 : 44
1001+,Pontifical Catholic University of Paraná,Brazil,"25,198",25.8,1%,52 : 48
1001+,Pontifical Catholic University of Valparaíso,Chile,"15,165",23.1,1%,43 : 57
1001+,Prince of Songkla University,Thailand,"41,469",18.0,2%,69 : 31
1001+,PSG College of Technology,India,"8,283",15.3,0%,38 : 62
1001+,Rio de Janeiro State University (UERJ),Brazil,"22,918",8.7,0%,57 : 43
1001+,Ritsumeikan University,Japan,"32,739",17.0,5%,36 : 64
1001+,University of the Ryukyus,Japan,"8,184",10.9,2%,38 : 62
1001+,Saga University,Japan,"6,994",9.9,2%,38 : 62
1001+,Saitama Medical University,Japan,"1,889",1.5,0%,52 : 48
1001+,"University of Santiago, Chile (USACH)",Chile,"24,606",25.9,2%,40 : 60
1001+,SASTRA University,India,"12,997",16.5,0%,50 : 50
1001+,Sathyabama Institute of Science and Technology,India,"15,886",19.5,1%,48 : 52
1001+,University of Sciences and Technology Houari Boumediene,Algeria,"35,418",19.0,1%,
1001+,Sechenov University,Russian Federation,"15,320",8.5,13%,79 : 21
1001+,Seoul National University of Science and Technology (SeoulTech),South Korea,"12,407",17.3,3%,34 : 66
1001+,Sepuluh Nopember Institute of Technology,Indonesia,"16,712",13.2,3%,40 : 60
1001+,Shahid Bahonar University of Kerman,Iran,"14,635",22.2,0%,56 : 44
1001+,Shahrood University of Technology,Iran,"8,453",27.0,0%,46 : 54
1001+,Shanghai Maritime University,China,"23,281",18.0,3%,40 : 60
1001+,Shibaura Institute of Technology Tokyo,Japan,"7,287",23.9,13%,19 : 81
1001+,Shimane University,Japan,"6,125",7.9,2%,36 : 64
1001+,Shizuoka University,Japan,"9,932",13.7,3%,29 : 71
1001+,University of Shizuoka,Japan,"2,937",11.4,4%,60 : 40
1001+,Showa University,Japan,"3,650",2.0,0%,58 : 42
1001+,Siberian Federal University,Russian Federation,"26,705",15.9,3%,50 : 50
1001+,University of Silesia in Katowice,Poland,"25,546",13.5,3%,67 : 33
1001+,Simón Bolívar University,Venezuela,"11,040",14.9,0%,44 : 56
1001+,University of the Sinos Valley,Brazil,"13,475",21.1,1%,52 : 48
1001+,Slovak University of Technology in Bratislava,Slovakia,"14,579",13.0,2%,34 : 66
1001+,Sofia University,Bulgaria,"23,029",14.4,5%,65 : 35
1001+,University of Sonora,Mexico,"29,921",20.9,1%,53 : 47
1001+,Sophia University,Japan,"13,281",24.5,9%,54 : 46
1001+,University of South Africa,South Africa,"163,520",106.7,8%,67 : 33
1001+,University of South China,China,"21,927",3.6,1%,44 : 56
1001+,Southern Federal University,Russian Federation,"17,627",8.3,8%,51 : 49
1001+,University of Southern Mississippi,United States,"13,562",18.5,4%,64 : 36
1001+,South Valley University,Egypt,"46,462",55.9,0%,62 : 38
1001+,Southwest Jiaotong University,China,"36,351",16.0,2%,25 : 75
1001+,Srinakharinwirot University,Thailand,"23,105",19.5,0%,66 : 34
1001+,SRM Institute of Science and Technology,India,"47,375",16.4,2%,21 : 79
1001+,State University of Maringá,Brazil,"20,522",11.4,1%,55 : 45
1001+,State University of Ponta Grossa,Brazil,"10,378",10.8,0%,57 : 43
1001+,Western Paraná State University (Unioeste),Brazil,"10,919",4.1,0%,59 : 41
1001+,St Petersburg Electrotechnical University (LETI),Russian Federation,"8,418",13.1,12%,30 : 70
1001+,Tamil Nadu Agricultural University,India,"5,893",7.3,0%,62 : 38
1001+,Tamkang University,Taiwan,"27,041",23.9,7%,48 : 52
1001+,University of Tarapacá,Chile,"8,857",25.0,2%,54 : 46
1001+,Taras Shevchenko National University of Kyiv,Ukraine,"22,400",8.8,4%,57 : 43
1001+,Technical University of Košice,Slovakia,"9,013",11.6,5%,29 : 71
1001+,Technical University of Liberec,Czech Republic,"5,706",11.0,11%,55 : 45
1001+,Universiti Teknologi MARA,Malaysia,"54,418",16.4,0%,66 : 34
1001+,Thammasat University,Thailand,"33,023",12.2,1%,63 : 37
1001+,University of Tlemcen,Algeria,"44,100",24.3,1%,72 : 28
1001+,TOBB University of Economics and Technology,Turkey,"5,474",16.5,1%,46 : 54
1001+,Tokai University,Japan,"30,070",12.9,2%,26 : 74
1001+,Tokyo University of Agriculture,Japan,"12,145",34.9,2%,41 : 59
1001+,Tokyo City University,Japan,"7,760",15.9,1%,23 : 77
1001+,Tokyo Denki University,Japan,"9,315",25.2,2%,11 : 89
1001+,Tokyo University of Marine Science and Technology,Japan,"2,686",11.0,7%,33 : 67
1001+,Tomas Bata University in Zlín,Czech Republic,"8,804",20.2,10%,59 : 41
1001+,Tottori University,Japan,"6,094",8.2,2%,36 : 64
1001+,University of Toyama,Japan,"9,289",12.0,3%,40 : 60
1001+,Toyo University,Japan,"30,484",31.0,4%,41 : 59
1001+,University of Tunis El Manar,Tunisia,"34,455",10.3,1%,67 : 33
1001+,Université Hassan II de Casablanca,Morocco,"100,095",30.7,2%,53 : 47
1001+,Universiti Malaysia Sarawak (UNIMAS),Malaysia,"15,426",19.2,5%,65 : 35
1001+,Ural Federal University,Russian Federation,"24,406",10.9,9%,49 : 51
1001+,Urmia University,Iran,"13,569",27.8,0%,50 : 50
1001+,Utsunomiya University,Japan,"4,989",13.8,5%,37 : 63
1001+,University of Valparaíso,Chile,"16,535",17.9,3%,57 : 43
1001+,University of Veracruz,Mexico,"61,886",13.6,0%,53 : 47
1001+,"University of Veterinary and Animal Sciences, Lahore",Pakistan,"5,255",28.9,1%,47 : 53
1001+,V.N. Karazin Kharkiv National University,Ukraine,"16,069",10.1,29%,55 : 45
1001+,Volgograd State Technical University,Russian Federation,"13,061",12.5,7%,39 : 61
1001+,Voronezh State University,Russian Federation,"15,490",11.4,10%,57 : 43
1001+,VŠB - Technical University of Ostrava,Czech Republic,"14,835",17.3,10%,36 : 64
1001+,University of West Bohemia,Czech Republic,"11,984",17.5,4%,52 : 48
1001+,West University of Timişoara,Romania,"14,189",18.3,4%,64 : 36
1001+,Wrocław University of Science and Technology,Poland,"34,819",18.5,2%,33 : 67
1001+,Yamaguchi University,Japan,"10,569",10.8,4%,36 : 64
1001+,Yanshan University,China,"32,183",16.3,1%,39 : 61
1001+,Yarmouk University,Jordan,"35,320",34.5,9%,61 : 39
1001+,Yazd University,Iran,"13,635",30.3,0%,57 : 43
1001+,Yeditepe University,Turkey,"19,705",18.6,2%,55 : 45
1001+,Yuan Ze University,Taiwan,"8,186",19.2,9%,42 : 58
1001+,Zagazig University,Egypt,"135,036",20.6,2%,51 : 49
1001+,University of Zanjan,Iran,"10,606",26.7,0%,55 : 45
